t,n_vert,n_fwd,roll_deg,vvp_dist,vvp_below,fwd_x,fwd_y,f_px,hfov_deg,pitch_down_deg,yaw_off_deg
0.0,145,4,-0.27,877.8,0,,,,,,
0.1,155,4,-0.13,959.7,0,,,,,,
0.2,159,5,0.04,1051.4,0,,,,,,
0.3,173,5,-0.1,1140.6,0,,,,,,
0.4,146,7,-0.14,1261.5,0,,,,,,
0.5,178,8,0.02,1418.6,0,-0.052,0.852,,,,
0.6,157,6,-0.03,1604.1,0,,,,,,
0.7,170,6,0.05,1887.9,0,,,,,,
0.8,147,7,-0.07,2174.3,0,,,,,,
0.9,164,8,0.04,2480.7,0,-0.019,0.662,,,,
1.0,144,7,-0.1,2468.5,0,,,,,,
1.1,139,7,0.01,2442.0,0,,,,,,
1.2,118,8,-0.02,2389.7,0,-0.803,0.687,,,,
1.3,165,8,-0.12,2396.0,0,-0.527,0.666,,,,
1.4,172,8,0.0,2442.5,0,0.175,0.63,,,,
1.5,178,7,-0.02,2249.2,0,,,,,,
1.6,141,7,-0.1,1868.9,0,,,,,,
1.7,132,6,-0.43,1455.7,0,,,,,,
1.8,112,3,-0.48,1140.3,0,,,,,,
1.9,63,4,-0.65,889.6,0,,,,,,
2.0,96,5,-0.39,743.2,0,,,,,,
2.1,57,10,-0.38,624.2,0,0.307,-0.151,,,,
2.2,67,16,-0.31,549.2,0,0.897,1.232,,,,
2.3,104,13,0.0,483.2,0,0.504,-0.41,,,,
2.4,124,28,-0.27,419.7,0,0.497,-0.278,,,,
2.5,136,33,-0.1,373.6,0,0.495,-0.191,,,,
2.6,119,38,-0.11,332.6,0,0.496,-0.112,,,,
2.7,109,71,-0.23,300.5,0,0.495,-0.053,,,,
2.8,79,88,-0.04,271.9,0,0.499,-0.002,,,,
2.9,75,103,-0.27,248.9,0,0.498,0.04,,,,
3.0,70,113,-0.21,228.8,0,0.498,0.078,,,,
3.1,40,111,-0.31,211.6,0,0.498,0.109,,,,
3.2,30,101,-0.73,191.1,0,7.81,3.374,,,,
3.3,36,84,-0.19,188.7,0,0.499,0.151,,,,
3.4,37,53,-0.28,183.5,0,0.498,0.158,,,,
3.5,34,33,-0.03,271.6,0,6.82,1.893,,,,
3.6,50,27,-0.18,587.9,0,3.427,0.913,,,,
3.7,183,8,0.07,1118.3,0,0.422,0.318,,,,
3.8,236,33,-0.01,2699.4,0,4.133,0.654,,,,
3.9,330,40,0.02,59858.9,0,4.408,0.51,,,,
4.0,316,36,0.01,5289.5,1,4.206,0.413,501.5,87.5,5.4,81.9
4.1,152,14,-0.24,3908.5,1,3.074,0.357,511.4,86.4,7.5,78.2
4.2,392,16,0.02,3831.2,1,3.978,0.366,529.8,84.4,7.9,80.9
4.3,367,23,0.05,3929.5,1,3.901,0.394,486.9,89.2,7.1,81.5
4.4,360,39,-0.02,4045.6,1,4.099,0.399,464.4,91.9,6.5,82.3
4.5,172,10,0.07,4379.4,1,3.093,6.861,,,,
4.6,149,5,0.08,4169.1,1,,,,,,
4.7,160,8,-0.02,5264.6,1,1.413,3.081,,,,
4.8,170,6,-0.04,7779.8,0,,,,,,
4.9,189,0,-0.07,1377.2,0,,,,,,
5.0,166,18,-0.09,698.6,0,0.495,-0.797,,,,
5.1,90,62,-0.19,440.0,0,0.499,-0.314,,,,
5.2,53,93,-0.52,312.0,0,0.498,-0.069,,,,
5.3,14,108,-0.21,229.3,0,0.5,0.075,,,,
5.4,10,107,-0.59,203.6,0,0.499,0.15,,,,
5.5,9,89,-6.39,1000.7,1,0.499,0.165,424.5,97.0,23.0,2.4
5.6,12,83,-1.35,189.4,0,0.499,0.165,,,,
5.7,22,84,0.21,192.5,0,0.499,0.15,,,,
5.8,69,26,0.02,348.4,0,0.499,-0.133,,,,
5.9,271,27,0.05,702.4,0,25.01,0.365,,,,
6.0,202,79,-0.01,1403.9,0,-116.243,0.668,,,,
6.1,151,97,-0.02,4348.3,0,-95.46,0.568,,,,
6.2,139,103,-0.11,15567.5,1,-203.511,0.365,2643.4,20.6,9.6,-89.2
6.3,87,100,0.03,4179.8,1,-113.629,0.224,618.6,75.6,8.4,-89.7
6.4,38,111,0.04,3795.0,1,-366.839,-0.412,966.9,52.8,14.3,-89.8
6.5,83,61,0.15,5113.8,1,61.304,0.592,725.9,67.0,8.1,89.3
6.6,75,65,-0.3,5064.4,1,-70.226,0.281,1548.8,34.4,17.0,-88.6
6.7,111,81,0.03,4356.8,1,127.562,0.628,,,,
6.8,103,66,0.15,4117.3,1,-239.592,0.148,,,,
6.9,76,84,0.19,3773.2,1,155.366,0.269,1526.5,34.9,22.0,89.4
7.0,56,117,0.17,3679.3,1,-2064.139,-1.466,,,,
7.1,40,93,0.17,3653.2,1,3808.625,4.357,5658.3,9.7,57.2,89.8
7.2,53,106,0.05,3985.3,1,-1333.916,-1.678,480.9,89.9,6.9,-90.0
7.3,59,127,0.03,4072.3,1,734.292,1.087,460.3,92.4,6.4,90.0
7.4,49,147,-0.02,4173.4,1,1583.296,0.554,,,,
7.5,42,116,0.08,4240.1,1,768.99,0.68,1989.0,27.1,25.1,89.8
7.6,38,114,0.07,4419.4,1,444.749,0.275,1685.1,31.8,20.9,89.8
7.7,34,92,0.04,4537.7,1,1743.549,0.47,2318.1,23.4,27.1,89.9
7.8,38,51,-0.0,4794.7,1,152.718,0.617,,,,
7.9,55,30,-0.01,4884.4,1,-690.003,3.066,,,,
8.0,47,37,-0.03,5038.4,1,-440.272,-0.447,1921.8,28.0,20.9,-89.7
8.1,33,46,0.02,5105.6,1,2075.492,2.044,,,,
8.2,41,103,-0.01,5158.9,1,535.445,0.396,,,,
8.3,37,110,-0.03,5272.0,1,9041.717,4.191,,,,
8.4,35,39,0.04,5353.1,1,-913.031,0.45,,,,
8.5,50,43,0.06,5521.3,1,76.878,0.696,,,,
8.6,63,29,-0.02,5584.6,1,-160.77,0.722,,,,
8.7,64,42,-0.09,6133.3,1,-25.346,0.834,,,,
8.8,77,45,-0.1,6122.9,1,-644.828,0.071,2835.1,19.2,24.8,-89.7
8.9,76,63,-0.05,5974.6,1,-176.713,0.819,,,,
9.0,69,55,-0.05,6382.0,1,51.717,0.881,,,,
9.1,68,44,-0.06,6642.5,1,67.946,0.84,,,,
9.2,84,32,-0.04,7977.8,1,24.251,0.763,,,,
9.3,86,6,-0.04,11111.3,1,,,,,,
9.4,89,0,-0.04,7852.1,0,,,,,,
9.5,95,4,-0.05,1656.7,0,,,,,,
9.6,68,0,-0.04,847.8,0,,,,,,
9.7,65,6,-0.09,525.0,0,,,,,,
9.8,59,11,-0.07,497.4,0,1.167,-1.239,,,,
9.9,75,11,-0.12,467.3,0,0.992,-0.944,,,,
