actor,comp,mesh,class,visible,coll_before,coll_after,objtype,ctf,minx,miny,minz,maxx,maxy,maxz,role
Actor_218,HierarchicalInstancedStaticMesh,SM_PropM3_oildrum,HierarchicalInstancedStaticMeshComponent,1,0,0,0,2,-208,-3052,0,-154,-2920,1,excluded-ism
Actor_219,HierarchicalInstancedStaticMesh,SM_PropM3_oildrum,HierarchicalInstancedStaticMeshComponent,1,0,0,0,2,-168,-3245,0,-79,-3175,1,excluded-ism
Actor_220,HierarchicalInstancedStaticMesh,SM_PropM3_oildrum,HierarchicalInstancedStaticMeshComponent,1,0,0,0,2,-114,1565,0,-112,1566,1,excluded-ism
Actor_221,HierarchicalInstancedStaticMesh,SM_PropM3_oildrum,HierarchicalInstancedStaticMeshComponent,1,0,0,0,2,-104,1884,0,-38,2041,1,excluded-ism
Actor_222,HierarchicalInstancedStaticMesh,SM_PropM3_oildrum,HierarchicalInstancedStaticMeshComponent,1,0,0,0,2,-109,2275,0,-108,2276,1,excluded-ism
Actor_223,HierarchicalInstancedStaticMesh,SM_PropM3_oildrum,HierarchicalInstancedStaticMeshComponent,1,0,0,0,2,-467,-41,0,-379,-37,1,excluded-ism
Actor_224,HierarchicalInstancedStaticMesh,SM_PropM3_oildrum,HierarchicalInstancedStaticMeshComponent,1,0,0,0,2,-494,-2684,0,-492,-2683,1,excluded-ism
Actor_225,HierarchicalInstancedStaticMesh,SM_PropM3_oildrum,HierarchicalInstancedStaticMeshComponent,1,0,0,0,2,-396,-3003,0,-290,-2924,1,excluded-ism
Actor_226,HierarchicalInstancedStaticMesh,SM_PropM3_oildrum,HierarchicalInstancedStaticMeshComponent,1,0,0,0,2,-511,-757,0,-510,-756,1,excluded-ism
Actor_227,HierarchicalInstancedStaticMesh,SM_PropM3_oildrum,HierarchicalInstancedStaticMeshComponent,1,0,0,0,2,-390,11,0,-365,22,1,excluded-ism
Actor_228,HierarchicalInstancedStaticMesh,SM_PropM3_oildrum,HierarchicalInstancedStaticMeshComponent,1,0,0,0,2,-468,1482,0,-467,1483,1,excluded-ism
Actor_229,HierarchicalInstancedStaticMesh,SM_PropM3_oildrum,HierarchicalInstancedStaticMeshComponent,1,0,0,0,2,-354,1956,0,-353,1957,1,excluded-ism
Actor_230,HierarchicalInstancedStaticMesh,SM_PropM3_oildrum,HierarchicalInstancedStaticMeshComponent,1,0,0,0,2,-397,2275,0,-396,2276,1,excluded-ism
Actor_231,HierarchicalInstancedStaticMesh,SM_PropM3_oildrum,HierarchicalInstancedStaticMeshComponent,1,0,0,0,2,-567,-2539,0,-555,-2426,1,excluded-ism
Actor_232,HierarchicalInstancedStaticMesh,SM_PropM3_oildrum,HierarchicalInstancedStaticMeshComponent,1,0,0,0,2,-562,-592,0,-560,-591,1,excluded-ism
Actor_233,HierarchicalInstancedStaticMesh,SM_PropM3_oildrum,HierarchicalInstancedStaticMeshComponent,1,0,0,0,2,-701,192,0,-699,194,1,excluded-ism
Actor_234,HierarchicalInstancedStaticMesh,SM_PropM3_oildrum,HierarchicalInstancedStaticMeshComponent,1,0,0,0,2,-556,1408,0,-556,1409,1,excluded-ism
Actor_235,HierarchicalInstancedStaticMesh,SM_PropM3_oildrum,HierarchicalInstancedStaticMeshComponent,1,0,0,0,2,-642,1549,0,-641,1551,1,excluded-ism
Actor_236,HierarchicalInstancedStaticMesh,SM_PropM3_oildrum,HierarchicalInstancedStaticMeshComponent,1,0,0,0,2,-523,2110,0,-522,2111,1,excluded-ism
Actor_237,HierarchicalInstancedStaticMesh,SM_PropM3_oildrum,HierarchicalInstancedStaticMeshComponent,1,0,0,0,2,183,-2513,0,184,-2511,1,excluded-ism
Actor_238,HierarchicalInstancedStaticMesh,SM_PropM3_oildrum,HierarchicalInstancedStaticMeshComponent,1,0,0,0,2,103,-2678,0,104,-2677,1,excluded-ism
Actor_239,HierarchicalInstancedStaticMesh,SM_PropM3_oildrum,HierarchicalInstancedStaticMeshComponent,1,0,0,0,2,157,-498,0,158,-497,1,excluded-ism
Actor_240,HierarchicalInstancedStaticMesh,SM_PropM3_oildrum,HierarchicalInstancedStaticMeshComponent,1,0,0,0,2,19,115,0,21,116,1,excluded-ism
Actor_241,HierarchicalInstancedStaticMesh,SM_PropM3_oildrum,HierarchicalInstancedStaticMeshComponent,1,0,0,0,2,108,452,0,142,496,1,excluded-ism
Actor_242,HierarchicalInstancedStaticMesh,SM_PropM3_oildrum,HierarchicalInstancedStaticMeshComponent,1,0,0,0,2,81,836,0,189,1009,1,excluded-ism
Actor_243,HierarchicalInstancedStaticMesh,SM_PropM3_oildrum,HierarchicalInstancedStaticMeshComponent,1,0,0,0,2,171,1241,0,171,1242,1,excluded-ism
Actor_244,HierarchicalInstancedStaticMesh,SM_PropM3_oildrum,HierarchicalInstancedStaticMeshComponent,1,0,0,0,2,303,-3090,0,304,-3089,1,excluded-ism
Actor_245,HierarchicalInstancedStaticMesh,SM_PropM3_oildrum,HierarchicalInstancedStaticMeshComponent,1,0,0,0,2,387,-283,0,389,-281,1,excluded-ism
Actor_246,HierarchicalInstancedStaticMesh,SM_PropM3_oildrum,HierarchicalInstancedStaticMeshComponent,1,0,0,0,2,328,-536,0,329,-535,1,excluded-ism
Actor_247,HierarchicalInstancedStaticMesh,SM_PropM3_oildrum,HierarchicalInstancedStaticMeshComponent,1,0,0,0,2,309,-1008,0,311,-1006,1,excluded-ism
Actor_248,HierarchicalInstancedStaticMesh,SM_PropM3_oildrum,HierarchicalInstancedStaticMeshComponent,1,0,0,0,2,384,-1329,0,384,-1327,1,excluded-ism
Actor_249,HierarchicalInstancedStaticMesh,SM_PropM3_oildrum,HierarchicalInstancedStaticMeshComponent,1,0,0,0,2,352,-1717,0,499,-1625,1,excluded-ism
Actor_250,HierarchicalInstancedStaticMesh,SM_PropM3_oildrum,HierarchicalInstancedStaticMeshComponent,1,0,0,0,2,330,28,0,333,120,1,excluded-ism
Actor_251,HierarchicalInstancedStaticMesh,SM_PropM3_oildrum,HierarchicalInstancedStaticMeshComponent,1,0,0,0,2,327,1264,0,329,1265,1,excluded-ism
Actor_252,HierarchicalInstancedStaticMesh,SM_PropM3_oildrum,HierarchicalInstancedStaticMeshComponent,1,0,0,0,2,298,1802,0,511,1875,1,excluded-ism
Actor_253,HierarchicalInstancedStaticMesh,SM_PropM3_oildrum,HierarchicalInstancedStaticMeshComponent,1,0,0,0,2,522,-2678,0,523,-2677,1,excluded-ism
Actor_254,HierarchicalInstancedStaticMesh,SM_PropM3_oildrum,HierarchicalInstancedStaticMeshComponent,1,0,0,0,2,543,-288,0,545,-286,1,excluded-ism
Actor_255,HierarchicalInstancedStaticMesh,SM_PropM3_oildrum,HierarchicalInstancedStaticMeshComponent,1,0,0,0,2,674,-927,0,675,-926,1,excluded-ism
Actor_256,HierarchicalInstancedStaticMesh,SM_PropM3_oildrum,HierarchicalInstancedStaticMeshComponent,1,0,0,0,2,554,-2197,0,555,-2195,1,excluded-ism
Actor_257,HierarchicalInstancedStaticMesh,SM_PropM3_oildrum,HierarchicalInstancedStaticMeshComponent,1,0,0,0,2,523,280,0,525,281,1,excluded-ism
Actor_258,HierarchicalInstancedStaticMesh,SM_PropM3_oildrum,HierarchicalInstancedStaticMeshComponent,1,0,0,0,2,518,832,0,563,843,1,excluded-ism
Actor_259,HierarchicalInstancedStaticMesh,SM_PropM3_oildrum,HierarchicalInstancedStaticMeshComponent,1,0,0,0,2,709,1371,0,710,1373,1,excluded-ism
Actor_260,HierarchicalInstancedStaticMesh,SM_PropM3_oildrum,HierarchicalInstancedStaticMeshComponent,1,0,0,0,2,538,1563,0,540,1564,1,excluded-ism
Actor_261,HierarchicalInstancedStaticMesh,SM_PropM3_oildrum,HierarchicalInstancedStaticMeshComponent,1,0,0,0,2,562,2351,0,563,2352,1,excluded-ism
Actor_262,HierarchicalInstancedStaticMesh,SM_PropM3_crate,HierarchicalInstancedStaticMeshComponent,1,0,0,0,2,-63,-2445,0,-61,-2444,1,excluded-ism
Actor_263,HierarchicalInstancedStaticMesh,SM_PropM3_crate,HierarchicalInstancedStaticMeshComponent,1,0,0,0,2,-94,-2589,0,-94,-2589,1,excluded-ism
Actor_264,HierarchicalInstancedStaticMesh,SM_PropM3_crate,HierarchicalInstancedStaticMeshComponent,1,0,0,0,2,-112,-3244,0,-49,-3078,1,excluded-ism
Actor_265,HierarchicalInstancedStaticMesh,SM_PropM3_crate,HierarchicalInstancedStaticMeshComponent,1,0,0,0,2,-126,-3432,0,-86,-3403,1,excluded-ism
Actor_266,HierarchicalInstancedStaticMesh,SM_PropM3_crate,HierarchicalInstancedStaticMeshComponent,1,0,0,0,2,-170,-2192,0,-169,-2191,1,excluded-ism
Actor_267,HierarchicalInstancedStaticMesh,SM_PropM3_crate,HierarchicalInstancedStaticMeshComponent,1,0,0,0,2,-114,189,0,-113,190,1,excluded-ism
Actor_268,HierarchicalInstancedStaticMesh,SM_PropM3_crate,HierarchicalInstancedStaticMeshComponent,1,0,0,0,2,-187,267,0,-96,291,1,excluded-ism
Actor_269,HierarchicalInstancedStaticMesh,SM_PropM3_crate,HierarchicalInstancedStaticMeshComponent,1,0,0,0,2,-14,3200,0,-13,3201,1,excluded-ism
Actor_270,HierarchicalInstancedStaticMesh,SM_PropM3_crate,HierarchicalInstancedStaticMeshComponent,1,0,0,0,2,-209,1477,0,-208,1478,1,excluded-ism
Actor_271,HierarchicalInstancedStaticMesh,SM_PropM3_crate,HierarchicalInstancedStaticMeshComponent,1,0,0,0,2,-208,1548,0,-110,1772,1,excluded-ism
Actor_272,HierarchicalInstancedStaticMesh,SM_PropM3_crate,HierarchicalInstancedStaticMeshComponent,1,0,0,0,2,-163,1884,0,-113,1889,1,excluded-ism
Actor_273,HierarchicalInstancedStaticMesh,SM_PropM3_crate,HierarchicalInstancedStaticMeshComponent,1,0,0,0,2,-74,2204,0,-55,2274,1,excluded-ism
Actor_274,HierarchicalInstancedStaticMesh,SM_PropM3_crate,HierarchicalInstancedStaticMeshComponent,1,0,0,0,2,-101,2308,0,-100,2309,1,excluded-ism
Actor_275,HierarchicalInstancedStaticMesh,SM_PropM3_crate,HierarchicalInstancedStaticMeshComponent,1,0,0,0,2,-296,-148,0,-296,-147,1,excluded-ism
Actor_276,HierarchicalInstancedStaticMesh,SM_PropM3_crate,HierarchicalInstancedStaticMeshComponent,1,0,0,0,2,-331,-2436,0,-330,-2436,1,excluded-ism
Actor_277,HierarchicalInstancedStaticMesh,SM_PropM3_crate,HierarchicalInstancedStaticMeshComponent,1,0,0,0,2,-364,-2602,0,-363,-2601,1,excluded-ism
Actor_278,HierarchicalInstancedStaticMesh,SM_PropM3_crate,HierarchicalInstancedStaticMeshComponent,1,0,0,0,2,-381,-3002,0,-379,-3002,1,excluded-ism
Actor_279,HierarchicalInstancedStaticMesh,SM_PropM3_crate,HierarchicalInstancedStaticMeshComponent,1,0,0,0,2,-404,-3314,0,-309,-3074,1,excluded-ism
Actor_280,HierarchicalInstancedStaticMesh,SM_PropM3_crate,HierarchicalInstancedStaticMeshComponent,1,0,0,0,2,-320,-463,0,-301,-277,1,excluded-ism
Actor_281,HierarchicalInstancedStaticMesh,SM_PropM3_crate,HierarchicalInstancedStaticMeshComponent,1,0,0,0,2,-512,-766,0,-504,-525,1,excluded-ism
Actor_282,HierarchicalInstancedStaticMesh,SM_PropM3_crate,HierarchicalInstancedStaticMeshComponent,1,0,0,0,2,-386,-1074,0,-384,-1073,1,excluded-ism
Actor_283,HierarchicalInstancedStaticMesh,SM_PropM3_crate,HierarchicalInstancedStaticMeshComponent,1,0,0,0,2,-322,-1532,0,-273,-1393,1,excluded-ism
Actor_284,HierarchicalInstancedStaticMesh,SM_PropM3_crate,HierarchicalInstancedStaticMeshComponent,1,0,0,0,2,-290,-1979,0,-289,-1978,1,excluded-ism
Actor_285,HierarchicalInstancedStaticMesh,SM_PropM3_crate,HierarchicalInstancedStaticMeshComponent,1,0,0,0,2,-361,-2116,0,-332,-2115,1,excluded-ism
Actor_286,HierarchicalInstancedStaticMesh,SM_PropM3_crate,HierarchicalInstancedStaticMeshComponent,1,0,0,0,2,-390,119,0,-389,119,1,excluded-ism
Actor_287,HierarchicalInstancedStaticMesh,SM_PropM3_crate,HierarchicalInstancedStaticMeshComponent,1,0,0,0,2,-478,526,0,-478,527,1,excluded-ism
Actor_288,HierarchicalInstancedStaticMesh,SM_PropM3_crate,HierarchicalInstancedStaticMeshComponent,1,0,0,0,2,-336,1410,0,-308,1489,1,excluded-ism
Actor_289,HierarchicalInstancedStaticMesh,SM_PropM3_crate,HierarchicalInstancedStaticMeshComponent,1,0,0,0,2,-511,1548,0,-313,1734,1,excluded-ism
Actor_290,HierarchicalInstancedStaticMesh,SM_PropM3_crate,HierarchicalInstancedStaticMeshComponent,1,0,0,0,2,-502,1796,0,-353,1952,1,excluded-ism
Actor_291,HierarchicalInstancedStaticMesh,SM_PropM3_crate,HierarchicalInstancedStaticMeshComponent,1,0,0,0,2,-352,2049,0,-292,2143,1,excluded-ism
Actor_292,HierarchicalInstancedStaticMesh,SM_PropM3_crate,HierarchicalInstancedStaticMeshComponent,1,0,0,0,2,-521,-53,0,-520,-53,1,excluded-ism
Actor_293,HierarchicalInstancedStaticMesh,SM_PropM3_crate,HierarchicalInstancedStaticMeshComponent,1,0,0,0,2,-521,-2529,0,-513,-2352,1,excluded-ism
Actor_294,HierarchicalInstancedStaticMesh,SM_PropM3_crate,HierarchicalInstancedStaticMeshComponent,1,0,0,0,2,-529,-526,0,-528,-525,1,excluded-ism
Actor_295,HierarchicalInstancedStaticMesh,SM_PropM3_crate,HierarchicalInstancedStaticMeshComponent,1,0,0,0,2,-699,19,0,-698,19,1,excluded-ism
Actor_296,HierarchicalInstancedStaticMesh,SM_PropM3_crate,HierarchicalInstancedStaticMeshComponent,1,0,0,0,2,-538,446,0,-537,447,1,excluded-ism
Actor_297,HierarchicalInstancedStaticMesh,SM_PropM3_crate,HierarchicalInstancedStaticMeshComponent,1,0,0,0,2,-653,1236,0,-651,1236,1,excluded-ism
Actor_298,HierarchicalInstancedStaticMesh,SM_PropM3_crate,HierarchicalInstancedStaticMeshComponent,1,0,0,0,2,-572,2278,0,-571,2301,1,excluded-ism
Actor_299,HierarchicalInstancedStaticMesh,SM_PropM3_crate,HierarchicalInstancedStaticMeshComponent,1,0,0,0,2,61,-2528,0,71,-2352,1,excluded-ism
Actor_300,HierarchicalInstancedStaticMesh,SM_PropM3_crate,HierarchicalInstancedStaticMeshComponent,1,0,0,0,2,114,-2761,0,207,-2600,1,excluded-ism
Actor_301,HierarchicalInstancedStaticMesh,SM_PropM3_crate,HierarchicalInstancedStaticMeshComponent,1,0,0,0,2,113,-3068,0,185,-2834,1,excluded-ism
Actor_302,HierarchicalInstancedStaticMesh,SM_PropM3_crate,HierarchicalInstancedStaticMeshComponent,1,0,0,0,2,61,-3165,0,140,-3151,1,excluded-ism
Actor_303,HierarchicalInstancedStaticMesh,SM_PropM3_crate,HierarchicalInstancedStaticMeshComponent,1,0,0,0,2,102,-367,0,183,-332,1,excluded-ism
Actor_304,HierarchicalInstancedStaticMesh,SM_PropM3_crate,HierarchicalInstancedStaticMeshComponent,1,0,0,0,2,134,-526,0,135,-525,1,excluded-ism
Actor_305,HierarchicalInstancedStaticMesh,SM_PropM3_crate,HierarchicalInstancedStaticMeshComponent,1,0,0,0,2,84,-2206,0,85,-2205,1,excluded-ism
Actor_306,HierarchicalInstancedStaticMesh,SM_PropM3_crate,HierarchicalInstancedStaticMeshComponent,1,0,0,0,2,152,141,0,152,141,1,excluded-ism
Actor_307,HierarchicalInstancedStaticMesh,SM_PropM3_crate,HierarchicalInstancedStaticMeshComponent,1,0,0,0,2,181,998,0,182,998,1,excluded-ism
Actor_308,HierarchicalInstancedStaticMesh,SM_PropM3_crate,HierarchicalInstancedStaticMeshComponent,1,0,0,0,2,94,1082,0,171,1244,1,excluded-ism
Actor_309,HierarchicalInstancedStaticMesh,SM_PropM3_crate,HierarchicalInstancedStaticMeshComponent,1,0,0,0,2,184,2196,0,185,2197,1,excluded-ism
Actor_310,HierarchicalInstancedStaticMesh,SM_PropM3_crate,HierarchicalInstancedStaticMeshComponent,1,0,0,0,2,321,-192,0,322,-191,1,excluded-ism
Actor_311,HierarchicalInstancedStaticMesh,SM_PropM3_crate,HierarchicalInstancedStaticMeshComponent,1,0,0,0,2,506,-2386,0,506,-2386,1,excluded-ism
Actor_312,HierarchicalInstancedStaticMesh,SM_PropM3_crate,HierarchicalInstancedStaticMeshComponent,1,0,0,0,2,349,-2768,0,372,-2595,1,excluded-ism
Actor_313,HierarchicalInstancedStaticMesh,SM_PropM3_crate,HierarchicalInstancedStaticMeshComponent,1,0,0,0,2,303,-3142,0,303,-3141,1,excluded-ism
Actor_314,HierarchicalInstancedStaticMesh,SM_PropM3_crate,HierarchicalInstancedStaticMeshComponent,1,0,0,0,2,494,-372,0,495,-371,1,excluded-ism
Actor_315,HierarchicalInstancedStaticMesh,SM_PropM3_crate,HierarchicalInstancedStaticMeshComponent,1,0,0,0,2,308,-1964,0,504,-1876,1,excluded-ism
Actor_316,HierarchicalInstancedStaticMesh,SM_PropM3_crate,HierarchicalInstancedStaticMeshComponent,1,0,0,0,2,306,-2285,0,387,-2205,1,excluded-ism
Actor_317,HierarchicalInstancedStaticMesh,SM_PropM3_crate,HierarchicalInstancedStaticMeshComponent,1,0,0,0,2,360,148,0,385,223,1,excluded-ism
Actor_318,HierarchicalInstancedStaticMesh,SM_PropM3_crate,HierarchicalInstancedStaticMeshComponent,1,0,0,0,2,299,614,0,393,616,1,excluded-ism
Actor_319,HierarchicalInstancedStaticMesh,SM_PropM3_crate,HierarchicalInstancedStaticMeshComponent,1,0,0,0,2,320,1725,0,508,1788,1,excluded-ism
Actor_320,HierarchicalInstancedStaticMesh,SM_PropM3_crate,HierarchicalInstancedStaticMeshComponent,1,0,0,0,2,284,1804,0,383,1959,1,excluded-ism
Actor_321,HierarchicalInstancedStaticMesh,SM_PropM3_crate,HierarchicalInstancedStaticMeshComponent,1,0,0,0,2,736,-237,0,736,-236,1,excluded-ism
Actor_322,HierarchicalInstancedStaticMesh,SM_PropM3_crate,HierarchicalInstancedStaticMeshComponent,1,0,0,0,2,552,-2522,0,553,-2522,1,excluded-ism
Actor_323,HierarchicalInstancedStaticMesh,SM_PropM3_crate,HierarchicalInstancedStaticMeshComponent,1,0,0,0,2,679,-572,0,680,-571,1,excluded-ism
Actor_324,HierarchicalInstancedStaticMesh,SM_PropM3_crate,HierarchicalInstancedStaticMeshComponent,1,0,0,0,2,573,-936,0,677,-838,1,excluded-ism
Actor_325,HierarchicalInstancedStaticMesh,SM_PropM3_crate,HierarchicalInstancedStaticMeshComponent,1,0,0,0,2,515,-1135,0,516,-1134,1,excluded-ism
Actor_326,HierarchicalInstancedStaticMesh,SM_PropM3_crate,HierarchicalInstancedStaticMeshComponent,1,0,0,0,2,666,-1397,0,667,-1396,1,excluded-ism
Actor_327,HierarchicalInstancedStaticMesh,SM_PropM3_crate,HierarchicalInstancedStaticMeshComponent,1,0,0,0,2,520,-1743,0,567,-1563,1,excluded-ism
Actor_328,HierarchicalInstancedStaticMesh,SM_PropM3_crate,HierarchicalInstancedStaticMeshComponent,1,0,0,0,2,558,-1809,0,559,-1809,1,excluded-ism
Actor_329,HierarchicalInstancedStaticMesh,SM_PropM3_crate,HierarchicalInstancedStaticMeshComponent,1,0,0,0,2,535,131,0,537,132,1,excluded-ism
Actor_330,HierarchicalInstancedStaticMesh,SM_PropM3_crate,HierarchicalInstancedStaticMeshComponent,1,0,0,0,2,548,437,0,549,437,1,excluded-ism
Actor_331,HierarchicalInstancedStaticMesh,SM_PropM3_crate,HierarchicalInstancedStaticMeshComponent,1,0,0,0,2,660,1242,0,661,1243,1,excluded-ism
Actor_332,HierarchicalInstancedStaticMesh,SM_PropM3_crate,HierarchicalInstancedStaticMeshComponent,1,0,0,0,2,728,1315,0,729,1316,1,excluded-ism
Actor_333,HierarchicalInstancedStaticMesh,SM_PropM3_crate,HierarchicalInstancedStaticMeshComponent,1,0,0,0,2,524,1635,0,701,1733,1,excluded-ism
Actor_334,HierarchicalInstancedStaticMesh,SM_PropM3_crate,HierarchicalInstancedStaticMeshComponent,1,0,0,0,2,515,1792,0,768,1978,1,excluded-ism
Actor_335,HierarchicalInstancedStaticMesh,SM_PropM3_crate,HierarchicalInstancedStaticMeshComponent,1,0,0,0,2,783,1697,0,784,1697,1,excluded-ism
Actor_336,HierarchicalInstancedStaticMesh,SM_PropM3_crate,HierarchicalInstancedStaticMeshComponent,1,0,0,0,2,768,1902,0,768,1903,1,excluded-ism
Actor_337,HierarchicalInstancedStaticMesh,SM_PropM3_pigeon,HierarchicalInstancedStaticMeshComponent,1,0,0,0,2,-42,-332,0,-38,-330,1,excluded-ism
Actor_338,HierarchicalInstancedStaticMesh,SM_PropM3_pigeon,HierarchicalInstancedStaticMeshComponent,1,0,0,0,2,-230,-707,0,-2,-571,1,excluded-ism
Actor_339,HierarchicalInstancedStaticMesh,SM_PropM3_pigeon,HierarchicalInstancedStaticMeshComponent,1,0,0,0,2,-227,-983,0,-26,-779,1,excluded-ism
Actor_340,HierarchicalInstancedStaticMesh,SM_PropM3_pigeon,HierarchicalInstancedStaticMeshComponent,1,0,0,0,2,-231,-1171,0,-91,-1080,1,excluded-ism
Actor_341,HierarchicalInstancedStaticMesh,SM_PropM3_pigeon,HierarchicalInstancedStaticMeshComponent,1,0,0,0,2,-231,-1447,0,-29,-1301,1,excluded-ism
Actor_342,HierarchicalInstancedStaticMesh,SM_PropM3_pigeon,HierarchicalInstancedStaticMeshComponent,1,0,0,0,2,-231,-1762,0,-227,-1699,1,excluded-ism
Actor_343,HierarchicalInstancedStaticMesh,SM_PropM3_pigeon,HierarchicalInstancedStaticMeshComponent,1,0,0,0,2,-174,3079,0,-30,3273,1,excluded-ism
Actor_344,HierarchicalInstancedStaticMesh,SM_PropM3_pigeon,HierarchicalInstancedStaticMeshComponent,1,0,0,0,2,-477,-869,0,-472,-867,1,excluded-ism
Actor_345,HierarchicalInstancedStaticMesh,SM_PropM3_pigeon,HierarchicalInstancedStaticMeshComponent,1,0,0,0,2,-269,3090,0,-266,3094,1,excluded-ism
Actor_346,HierarchicalInstancedStaticMesh,SM_PropM3_pigeon,HierarchicalInstancedStaticMeshComponent,1,0,0,0,2,-537,-2684,0,-536,-2679,1,excluded-ism
Actor_347,HierarchicalInstancedStaticMesh,SM_PropM3_pigeon,HierarchicalInstancedStaticMeshComponent,1,0,0,0,2,-691,-438,0,-685,-294,1,excluded-ism
Actor_348,HierarchicalInstancedStaticMesh,SM_PropM3_pigeon,HierarchicalInstancedStaticMeshComponent,1,0,0,0,2,-667,-842,0,-663,-840,1,excluded-ism
Actor_349,HierarchicalInstancedStaticMesh,SM_PropM3_pigeon,HierarchicalInstancedStaticMeshComponent,1,0,0,0,2,-599,-1886,0,-595,-1852,1,excluded-ism
Actor_350,HierarchicalInstancedStaticMesh,SM_PropM3_pigeon,HierarchicalInstancedStaticMeshComponent,1,0,0,0,2,-569,11,0,-566,14,1,excluded-ism
Actor_351,HierarchicalInstancedStaticMesh,SM_PropM3_pigeon,HierarchicalInstancedStaticMeshComponent,1,0,0,0,2,11,-767,0,223,-670,1,excluded-ism
Actor_352,HierarchicalInstancedStaticMesh,SM_PropM3_pigeon,HierarchicalInstancedStaticMeshComponent,1,0,0,0,2,28,-930,0,180,-857,1,excluded-ism
Actor_353,HierarchicalInstancedStaticMesh,SM_PropM3_pigeon,HierarchicalInstancedStaticMeshComponent,1,0,0,0,2,49,-1259,0,163,-1116,1,excluded-ism
Actor_354,HierarchicalInstancedStaticMesh,SM_PropM3_pigeon,HierarchicalInstancedStaticMeshComponent,1,0,0,0,2,39,-1405,0,122,-1365,1,excluded-ism
Actor_355,HierarchicalInstancedStaticMesh,SM_PropM3_pigeon,HierarchicalInstancedStaticMeshComponent,1,0,0,0,2,24,-1647,0,223,-1539,1,excluded-ism
Actor_356,HierarchicalInstancedStaticMesh,SM_PropM3_pigeon,HierarchicalInstancedStaticMeshComponent,1,0,0,0,2,74,-1861,0,230,-1823,1,excluded-ism
Actor_357,HierarchicalInstancedStaticMesh,SM_PropM3_pigeon,HierarchicalInstancedStaticMeshComponent,1,0,0,0,2,34,-2148,0,230,-2127,1,excluded-ism
Actor_358,HierarchicalInstancedStaticMesh,SM_PropM3_pigeon,HierarchicalInstancedStaticMeshComponent,1,0,0,0,2,10,3082,0,121,3191,1,excluded-ism
Actor_359,HierarchicalInstancedStaticMesh,SM_PropM3_pigeon,HierarchicalInstancedStaticMeshComponent,1,0,0,0,2,125,1691,0,130,1694,1,excluded-ism
Actor_360,HierarchicalInstancedStaticMesh,SM_PropM3_pigeon,HierarchicalInstancedStaticMeshComponent,1,0,0,0,2,404,-228,0,455,-15,1,excluded-ism
Actor_361,HierarchicalInstancedStaticMesh,SM_PropM3_pigeon,HierarchicalInstancedStaticMeshComponent,1,0,0,0,2,388,-2973,0,392,-2971,1,excluded-ism
Actor_362,HierarchicalInstancedStaticMesh,SM_PropM3_pigeon,HierarchicalInstancedStaticMeshComponent,1,0,0,0,2,408,-629,0,413,-627,1,excluded-ism
Actor_363,HierarchicalInstancedStaticMesh,SM_PropM3_pigeon,HierarchicalInstancedStaticMeshComponent,1,0,0,0,2,448,1456,0,450,1460,1,excluded-ism
Actor_364,HierarchicalInstancedStaticMesh,SM_PropM3_pigeon,HierarchicalInstancedStaticMeshComponent,1,0,0,0,2,268,2251,0,489,2262,1,excluded-ism
Actor_365,HierarchicalInstancedStaticMesh,SM_PropM3_pigeon,HierarchicalInstancedStaticMeshComponent,1,0,0,0,2,564,-2609,0,567,-2605,1,excluded-ism
Actor_366,HierarchicalInstancedStaticMesh,SM_PropM3_pigeon,HierarchicalInstancedStaticMeshComponent,1,0,0,0,2,671,-709,0,683,-582,1,excluded-ism
Actor_367,HierarchicalInstancedStaticMesh,SM_PropM3_pigeon,HierarchicalInstancedStaticMeshComponent,1,0,0,0,2,654,-1817,0,656,-1814,0,excluded-ism
Actor_368,HierarchicalInstancedStaticMesh,SM_PropM3_pigeon,HierarchicalInstancedStaticMeshComponent,1,0,0,0,2,690,146,0,692,149,1,excluded-ism
Actor_369,HierarchicalInstancedStaticMesh,SM_PropM3_pigeon,HierarchicalInstancedStaticMeshComponent,1,0,0,0,2,628,2268,0,630,2272,1,excluded-ism
Actor_370,HierarchicalInstancedStaticMesh,SM_PropM3_pigeon,HierarchicalInstancedStaticMeshComponent,1,0,0,0,2,555,2331,0,600,2536,1,excluded-ism
Actor_371,HierarchicalInstancedStaticMesh,SM_PropM3_gull,HierarchicalInstancedStaticMeshComponent,1,0,0,0,2,-132,-986,0,-80,-967,1,excluded-ism
Actor_372,HierarchicalInstancedStaticMesh,SM_PropM3_gull,HierarchicalInstancedStaticMeshComponent,1,0,0,0,2,-152,-1097,0,-92,-1071,1,excluded-ism
Actor_373,HierarchicalInstancedStaticMesh,SM_PropM3_gull,HierarchicalInstancedStaticMeshComponent,1,0,0,0,2,-185,-1514,0,-15,-1382,1,excluded-ism
Actor_374,HierarchicalInstancedStaticMesh,SM_PropM3_gull,HierarchicalInstancedStaticMeshComponent,1,0,0,0,2,-101,-1625,0,-100,-1624,1,excluded-ism
Actor_375,HierarchicalInstancedStaticMesh,SM_PropM3_gull,HierarchicalInstancedStaticMeshComponent,1,0,0,0,2,-743,-590,0,-742,-589,1,excluded-ism
Actor_376,HierarchicalInstancedStaticMesh,SM_PropM3_gull,HierarchicalInstancedStaticMeshComponent,1,0,0,0,2,-755,-1014,0,-726,-1012,1,excluded-ism
Actor_377,HierarchicalInstancedStaticMesh,SM_PropM3_gull,HierarchicalInstancedStaticMeshComponent,1,0,0,0,2,-712,-1035,0,-711,-1033,1,excluded-ism
Actor_378,HierarchicalInstancedStaticMesh,SM_PropM3_gull,HierarchicalInstancedStaticMeshComponent,1,0,0,0,2,-726,-1582,0,-724,-1582,1,excluded-ism
Actor_379,HierarchicalInstancedStaticMesh,SM_PropM3_gull,HierarchicalInstancedStaticMeshComponent,1,0,0,0,2,-766,-1847,0,-702,-1840,1,excluded-ism
Actor_380,HierarchicalInstancedStaticMesh,SM_PropM3_gull,HierarchicalInstancedStaticMeshComponent,1,0,0,0,2,-762,85,0,-760,86,1,excluded-ism
Actor_381,HierarchicalInstancedStaticMesh,SM_PropM3_gull,HierarchicalInstancedStaticMeshComponent,1,0,0,0,2,-742,1444,0,-740,1445,1,excluded-ism
Actor_382,HierarchicalInstancedStaticMesh,SM_PropM3_gull,HierarchicalInstancedStaticMeshComponent,1,0,0,0,2,-712,1576,0,-711,1578,1,excluded-ism
Actor_383,HierarchicalInstancedStaticMesh,SM_PropM3_gull,HierarchicalInstancedStaticMeshComponent,1,0,0,0,2,-796,-252,0,-795,-251,1,excluded-ism
Actor_384,HierarchicalInstancedStaticMesh,SM_PropM3_gull,HierarchicalInstancedStaticMeshComponent,1,0,0,0,2,-914,-262,0,-820,-259,1,excluded-ism
Actor_385,HierarchicalInstancedStaticMesh,SM_PropM3_gull,HierarchicalInstancedStaticMeshComponent,1,0,0,0,2,-833,-592,0,-832,-591,1,excluded-ism
Actor_386,HierarchicalInstancedStaticMesh,SM_PropM3_gull,HierarchicalInstancedStaticMeshComponent,1,0,0,0,2,-827,-1015,0,-824,-1015,1,excluded-ism
Actor_387,HierarchicalInstancedStaticMesh,SM_PropM3_gull,HierarchicalInstancedStaticMeshComponent,1,0,0,0,2,-819,-1570,0,-817,-1569,1,excluded-ism
Actor_388,HierarchicalInstancedStaticMesh,SM_PropM3_gull,HierarchicalInstancedStaticMeshComponent,1,0,0,0,2,-842,86,0,-793,94,1,excluded-ism
Actor_389,HierarchicalInstancedStaticMesh,SM_PropM3_gull,HierarchicalInstancedStaticMeshComponent,1,0,0,0,2,-824,456,0,-823,457,1,excluded-ism
Actor_390,HierarchicalInstancedStaticMesh,SM_PropM3_gull,HierarchicalInstancedStaticMeshComponent,1,0,0,0,2,-952,557,0,-842,566,1,excluded-ism
Actor_391,HierarchicalInstancedStaticMesh,SM_PropM3_gull,HierarchicalInstancedStaticMeshComponent,1,0,0,0,2,-801,1051,0,-797,1053,1,excluded-ism
Actor_392,HierarchicalInstancedStaticMesh,SM_PropM3_gull,HierarchicalInstancedStaticMeshComponent,1,0,0,0,2,98,-616,0,223,-574,1,excluded-ism
Actor_393,HierarchicalInstancedStaticMesh,SM_PropM3_gull,HierarchicalInstancedStaticMeshComponent,1,0,0,0,2,102,-1160,0,105,-1139,1,excluded-ism
Actor_394,HierarchicalInstancedStaticMesh,SM_PropM3_gull,HierarchicalInstancedStaticMeshComponent,1,0,0,0,2,9,-1512,0,186,-1385,1,excluded-ism
Actor_395,HierarchicalInstancedStaticMesh,SM_PropM3_gull,HierarchicalInstancedStaticMeshComponent,1,0,0,0,2,175,-1544,0,178,-1542,1,excluded-ism
Actor_396,HierarchicalInstancedStaticMesh,SM_PropM3_gull,HierarchicalInstancedStaticMeshComponent,1,0,0,0,2,97,-2033,0,98,-2033,1,excluded-ism
Actor_397,HierarchicalInstancedStaticMesh,SM_PropM3_gull,HierarchicalInstancedStaticMeshComponent,1,0,0,0,2,402,2838,0,405,2839,1,excluded-ism
Actor_398,HierarchicalInstancedStaticMesh,SM_PropM3_gull,HierarchicalInstancedStaticMeshComponent,1,0,0,0,2,737,-53,0,739,-52,1,excluded-ism
Actor_399,HierarchicalInstancedStaticMesh,SM_PropM3_gull,HierarchicalInstancedStaticMeshComponent,1,0,0,0,2,769,802,0,771,805,1,excluded-ism
Actor_400,HierarchicalInstancedStaticMesh,SM_PropM3_cat,HierarchicalInstancedStaticMeshComponent,1,0,0,0,2,-116,-176,0,-39,-43,1,excluded-ism
Actor_401,HierarchicalInstancedStaticMesh,SM_PropM3_cat,HierarchicalInstancedStaticMeshComponent,1,0,0,0,2,-87,-2683,0,-59,-2597,1,excluded-ism
Actor_402,HierarchicalInstancedStaticMesh,SM_PropM3_cat,HierarchicalInstancedStaticMeshComponent,1,0,0,0,2,-124,-3317,0,-78,-3240,1,excluded-ism
Actor_403,HierarchicalInstancedStaticMesh,SM_PropM3_cat,HierarchicalInstancedStaticMeshComponent,1,0,0,0,2,-72,-3397,0,-72,-3397,1,excluded-ism
Actor_404,HierarchicalInstancedStaticMesh,SM_PropM3_cat,HierarchicalInstancedStaticMeshComponent,1,0,0,0,2,-198,-546,0,-198,-545,1,excluded-ism
Actor_405,HierarchicalInstancedStaticMesh,SM_PropM3_cat,HierarchicalInstancedStaticMeshComponent,1,0,0,0,2,-148,193,0,-147,193,1,excluded-ism
Actor_406,HierarchicalInstancedStaticMesh,SM_PropM3_cat,HierarchicalInstancedStaticMeshComponent,1,0,0,0,2,-202,270,0,-73,287,1,excluded-ism
Actor_407,HierarchicalInstancedStaticMesh,SM_PropM3_cat,HierarchicalInstancedStaticMeshComponent,1,0,0,0,2,-153,530,0,-152,531,1,excluded-ism
Actor_408,HierarchicalInstancedStaticMesh,SM_PropM3_cat,HierarchicalInstancedStaticMeshComponent,1,0,0,0,2,-78,1400,0,-78,1401,1,excluded-ism
Actor_409,HierarchicalInstancedStaticMesh,SM_PropM3_cat,HierarchicalInstancedStaticMeshComponent,1,0,0,0,2,-103,1883,0,-57,1968,1,excluded-ism
Actor_410,HierarchicalInstancedStaticMesh,SM_PropM3_cat,HierarchicalInstancedStaticMeshComponent,1,0,0,0,2,-307,-143,0,-306,-143,1,excluded-ism
Actor_411,HierarchicalInstancedStaticMesh,SM_PropM3_cat,HierarchicalInstancedStaticMeshComponent,1,0,0,0,2,-498,-831,0,-497,-831,1,excluded-ism
Actor_412,HierarchicalInstancedStaticMesh,SM_PropM3_cat,HierarchicalInstancedStaticMeshComponent,1,0,0,0,2,-402,-1400,0,-401,-1400,1,excluded-ism
Actor_413,HierarchicalInstancedStaticMesh,SM_PropM3_cat,HierarchicalInstancedStaticMeshComponent,1,0,0,0,2,-369,-1880,0,-364,-1800,1,excluded-ism
Actor_414,HierarchicalInstancedStaticMesh,SM_PropM3_cat,HierarchicalInstancedStaticMeshComponent,1,0,0,0,2,-380,1474,0,-379,1475,1,excluded-ism
Actor_415,HierarchicalInstancedStaticMesh,SM_PropM3_cat,HierarchicalInstancedStaticMeshComponent,1,0,0,0,2,-334,1644,0,-325,1713,1,excluded-ism
Actor_416,HierarchicalInstancedStaticMesh,SM_PropM3_cat,HierarchicalInstancedStaticMeshComponent,1,0,0,0,2,-532,-685,0,-521,-609,1,excluded-ism
Actor_417,HierarchicalInstancedStaticMesh,SM_PropM3_cat,HierarchicalInstancedStaticMeshComponent,1,0,0,0,2,44,-2752,0,44,-2751,1,excluded-ism
Actor_418,HierarchicalInstancedStaticMesh,SM_PropM3_cat,HierarchicalInstancedStaticMeshComponent,1,0,0,0,2,91,-3318,0,150,-3160,1,excluded-ism
Actor_419,HierarchicalInstancedStaticMesh,SM_PropM3_cat,HierarchicalInstancedStaticMeshComponent,1,0,0,0,2,134,-438,0,135,-437,1,excluded-ism
Actor_420,HierarchicalInstancedStaticMesh,SM_PropM3_cat,HierarchicalInstancedStaticMeshComponent,1,0,0,0,2,161,-2284,0,161,-2283,1,excluded-ism
Actor_421,HierarchicalInstancedStaticMesh,SM_PropM3_cat,HierarchicalInstancedStaticMeshComponent,1,0,0,0,2,102,1081,0,166,1238,1,excluded-ism
Actor_422,HierarchicalInstancedStaticMesh,SM_PropM3_cat,HierarchicalInstancedStaticMeshComponent,1,0,0,0,2,102,1774,0,103,1774,1,excluded-ism
Actor_423,HierarchicalInstancedStaticMesh,SM_PropM3_cat,HierarchicalInstancedStaticMeshComponent,1,0,0,0,2,85,2191,0,86,2192,1,excluded-ism
Actor_424,HierarchicalInstancedStaticMesh,SM_PropM3_cat,HierarchicalInstancedStaticMeshComponent,1,0,0,0,2,461,-173,0,461,-172,1,excluded-ism
Actor_425,HierarchicalInstancedStaticMesh,SM_PropM3_cat,HierarchicalInstancedStaticMeshComponent,1,0,0,0,2,510,-270,0,510,-270,1,excluded-ism
Actor_426,HierarchicalInstancedStaticMesh,SM_PropM3_cat,HierarchicalInstancedStaticMeshComponent,1,0,0,0,2,390,-762,0,508,-626,1,excluded-ism
Actor_427,HierarchicalInstancedStaticMesh,SM_PropM3_cat,HierarchicalInstancedStaticMeshComponent,1,0,0,0,2,324,-1074,0,324,-1073,1,excluded-ism
Actor_428,HierarchicalInstancedStaticMesh,SM_PropM3_cat,HierarchicalInstancedStaticMeshComponent,1,0,0,0,2,339,-1320,0,340,-1319,1,excluded-ism
Actor_429,HierarchicalInstancedStaticMesh,SM_PropM3_cat,HierarchicalInstancedStaticMeshComponent,1,0,0,0,2,298,-1564,0,299,-1563,1,excluded-ism
Actor_430,HierarchicalInstancedStaticMesh,SM_PropM3_cat,HierarchicalInstancedStaticMeshComponent,1,0,0,0,2,388,-1961,0,388,-1961,1,excluded-ism
Actor_431,HierarchicalInstancedStaticMesh,SM_PropM3_cat,HierarchicalInstancedStaticMeshComponent,1,0,0,0,2,499,-2127,0,500,-2126,1,excluded-ism
Actor_432,HierarchicalInstancedStaticMesh,SM_PropM3_cat,HierarchicalInstancedStaticMeshComponent,1,0,0,0,2,312,70,0,313,70,1,excluded-ism
Actor_433,HierarchicalInstancedStaticMesh,SM_PropM3_cat,HierarchicalInstancedStaticMeshComponent,1,0,0,0,2,297,515,0,470,601,1,excluded-ism
Actor_434,HierarchicalInstancedStaticMesh,SM_PropM3_cat,HierarchicalInstancedStaticMeshComponent,1,0,0,0,2,346,1719,0,346,1720,1,excluded-ism
Actor_435,HierarchicalInstancedStaticMesh,SM_PropM3_cat,HierarchicalInstancedStaticMeshComponent,1,0,0,0,2,479,1957,0,479,1958,1,excluded-ism
Actor_504,HierarchicalInstancedStaticMesh,SM_PropM3_cat,HierarchicalInstancedStaticMeshComponent,1,0,0,0,2,543,-1002,0,632,-841,1,excluded-ism
Actor_505,HierarchicalInstancedStaticMesh,SM_PropM3_cat,HierarchicalInstancedStaticMeshComponent,1,0,0,0,2,653,-1076,0,653,-1075,1,excluded-ism
Actor_506,HierarchicalInstancedStaticMesh,SM_PropM3_cat,HierarchicalInstancedStaticMeshComponent,1,0,0,0,2,518,-2276,0,518,-2275,1,excluded-ism
Actor_507,HierarchicalInstancedStaticMesh,SM_PropM3_cat,HierarchicalInstancedStaticMeshComponent,1,0,0,0,2,536,527,0,537,528,1,excluded-ism
Actor_508,HierarchicalInstancedStaticMesh,SM_PropM3_cat,HierarchicalInstancedStaticMeshComponent,1,0,0,0,2,534,1164,0,686,1236,1,excluded-ism
Actor_509,HierarchicalInstancedStaticMesh,SM_PropM3_cat,HierarchicalInstancedStaticMeshComponent,1,0,0,0,2,730,1319,0,731,1408,1,excluded-ism
Actor_510,HierarchicalInstancedStaticMesh,SM_PropM3_cat,HierarchicalInstancedStaticMeshComponent,1,0,0,0,2,571,1807,0,657,1962,1,excluded-ism
Actor_511,HierarchicalInstancedStaticMesh,SM_PropM3_cat,HierarchicalInstancedStaticMeshComponent,1,0,0,0,2,572,2119,0,572,2120,1,excluded-ism
Actor_512,HierarchicalInstancedStaticMesh,SM_PropM3_squirrel,HierarchicalInstancedStaticMeshComponent,1,0,0,0,2,-211,-754,0,-47,-610,1,excluded-ism
Actor_513,HierarchicalInstancedStaticMesh,SM_PropM3_squirrel,HierarchicalInstancedStaticMeshComponent,1,0,0,0,2,-209,-1018,0,-8,-789,1,excluded-ism
Actor_514,HierarchicalInstancedStaticMesh,SM_PropM3_squirrel,HierarchicalInstancedStaticMeshComponent,1,0,0,0,2,-132,-1272,0,-55,-1214,1,excluded-ism
Actor_515,HierarchicalInstancedStaticMesh,SM_PropM3_squirrel,HierarchicalInstancedStaticMeshComponent,1,0,0,0,2,-225,-1412,0,-9,-1280,1,excluded-ism
Actor_516,HierarchicalInstancedStaticMesh,SM_PropM3_squirrel,HierarchicalInstancedStaticMeshComponent,1,0,0,0,2,-166,-1787,0,-7,-1586,1,excluded-ism
Actor_517,HierarchicalInstancedStaticMesh,SM_PropM3_squirrel,HierarchicalInstancedStaticMeshComponent,1,0,0,0,2,-84,-2016,0,-12,-1800,1,excluded-ism
Actor_518,HierarchicalInstancedStaticMesh,SM_PropM3_squirrel,HierarchicalInstancedStaticMeshComponent,1,0,0,0,2,16,-766,0,218,-575,1,excluded-ism
Actor_519,HierarchicalInstancedStaticMesh,SM_PropM3_squirrel,HierarchicalInstancedStaticMeshComponent,1,0,0,0,2,12,-959,0,228,-786,1,excluded-ism
Actor_520,HierarchicalInstancedStaticMesh,SM_PropM3_squirrel,HierarchicalInstancedStaticMeshComponent,1,0,0,0,2,13,-1279,0,228,-1051,1,excluded-ism
Actor_521,HierarchicalInstancedStaticMesh,SM_PropM3_squirrel,HierarchicalInstancedStaticMeshComponent,1,0,0,0,2,77,-1535,0,213,-1281,1,excluded-ism
Actor_522,HierarchicalInstancedStaticMesh,SM_PropM3_squirrel,HierarchicalInstancedStaticMeshComponent,1,0,0,0,2,4,-1780,0,202,-1541,1,excluded-ism
Actor_523,HierarchicalInstancedStaticMesh,SM_PropM3_squirrel,HierarchicalInstancedStaticMeshComponent,1,0,0,0,2,6,-2028,0,191,-1794,1,excluded-ism
Actor_524,HierarchicalInstancedStaticMesh,SM_PropM3_rat,HierarchicalInstancedStaticMeshComponent,1,0,0,0,2,-136,-1015,0,-135,-1014,1,excluded-ism
Actor_525,HierarchicalInstancedStaticMesh,SM_PropM3_rat,HierarchicalInstancedStaticMeshComponent,1,0,0,0,2,-748,-244,0,-741,-43,0,excluded-ism
Actor_526,HierarchicalInstancedStaticMesh,SM_PropM3_rat,HierarchicalInstancedStaticMeshComponent,1,0,0,0,2,-731,-588,0,-731,-587,0,excluded-ism
Actor_527,HierarchicalInstancedStaticMesh,SM_PropM3_rat,HierarchicalInstancedStaticMeshComponent,1,0,0,0,2,-713,-1011,0,-712,-1011,1,excluded-ism
Actor_528,HierarchicalInstancedStaticMesh,SM_PropM3_rat,HierarchicalInstancedStaticMeshComponent,1,0,0,0,2,-686,-1585,0,-685,-1584,1,excluded-ism
Actor_529,HierarchicalInstancedStaticMesh,SM_PropM3_rat,HierarchicalInstancedStaticMeshComponent,1,0,0,0,2,-671,-1831,0,-671,-1830,0,excluded-ism
Actor_530,HierarchicalInstancedStaticMesh,SM_PropM3_rat,HierarchicalInstancedStaticMeshComponent,1,0,0,0,2,-653,-2148,0,-653,-2148,1,excluded-ism
Actor_531,HierarchicalInstancedStaticMesh,SM_PropM3_rat,HierarchicalInstancedStaticMeshComponent,1,0,0,0,2,-752,277,0,-751,278,0,excluded-ism
Actor_532,HierarchicalInstancedStaticMesh,SM_PropM3_rat,HierarchicalInstancedStaticMeshComponent,1,0,0,0,2,-755,557,0,-754,558,0,excluded-ism
Actor_533,HierarchicalInstancedStaticMesh,SM_PropM3_rat,HierarchicalInstancedStaticMeshComponent,1,0,0,0,2,-748,904,0,-747,904,0,excluded-ism
Actor_534,HierarchicalInstancedStaticMesh,SM_PropM3_rat,HierarchicalInstancedStaticMeshComponent,1,0,0,0,2,-714,1552,0,-713,1553,1,excluded-ism
Actor_535,HierarchicalInstancedStaticMesh,SM_PropM3_rat,HierarchicalInstancedStaticMeshComponent,1,0,0,0,2,176,-647,0,177,-647,1,excluded-ism
Actor_536,HierarchicalInstancedStaticMesh,SM_PropM3_rat,HierarchicalInstancedStaticMeshComponent,1,0,0,0,2,163,-1459,0,163,-1459,1,excluded-ism
Actor_537,HierarchicalInstancedStaticMesh,SM_PropM3_rat,HierarchicalInstancedStaticMeshComponent,1,0,0,0,2,217,-2071,0,218,-2071,1,excluded-ism
Actor_538,HierarchicalInstancedStaticMesh,SM_PropM3_rat,HierarchicalInstancedStaticMeshComponent,1,0,0,0,2,408,2839,0,409,2840,1,excluded-ism
Actor_539,HierarchicalInstancedStaticMesh,SM_PropM3_rat,HierarchicalInstancedStaticMeshComponent,1,0,0,0,2,735,-235,0,736,-235,0,excluded-ism
Actor_540,HierarchicalInstancedStaticMesh,SM_PropM3_rat,HierarchicalInstancedStaticMeshComponent,1,0,0,0,2,675,-2285,0,676,-2284,0,excluded-ism
Actor_541,HierarchicalInstancedStaticMesh,SM_PropM3_rat,HierarchicalInstancedStaticMeshComponent,1,0,0,0,2,740,44,0,740,45,1,excluded-ism
Actor_542,HierarchicalInstancedStaticMesh,SM_PropM3_rat,HierarchicalInstancedStaticMeshComponent,1,0,0,0,2,749,435,0,750,436,0,excluded-ism
Actor_543,HierarchicalInstancedStaticMesh,SM_PropM3_rat,HierarchicalInstancedStaticMeshComponent,1,0,0,0,2,756,638,0,757,639,1,excluded-ism
Actor_544,HierarchicalInstancedStaticMesh,SM_PropM3_rat,HierarchicalInstancedStaticMeshComponent,1,0,0,0,2,625,2487,0,626,2487,0,excluded-ism
Actor_545,HierarchicalInstancedStaticMesh,SM_PropM3_rat,HierarchicalInstancedStaticMeshComponent,1,0,0,0,2,769,800,0,770,801,0,excluded-ism
Actor_546,HierarchicalInstancedStaticMesh,SM_PropM3_rat,HierarchicalInstancedStaticMeshComponent,1,0,0,0,2,805,1231,0,806,1231,1,excluded-ism
Actor_547,HierarchicalInstancedStaticMesh,SM_PropM3_rat,HierarchicalInstancedStaticMeshComponent,1,0,0,0,2,837,1592,0,838,1593,0,excluded-ism
Actor_548,HierarchicalInstancedStaticMesh,SM_PropM3_rat,HierarchicalInstancedStaticMeshComponent,1,0,0,0,2,819,1904,0,820,1904,0,excluded-ism
Actor_549,HierarchicalInstancedStaticMesh,SM_PropM3_rat,HierarchicalInstancedStaticMeshComponent,1,0,0,0,2,788,2093,0,788,2094,1,excluded-ism
