frame,t,mode,sub,x_m,y_m,z_m,vx,vy,vz,speed_mps,hspeed_mps,height_above_floor_m,anchor_x,anchor_y,anchor_z,rope_m,tension,chain,trick,zip_target,zt_x,zt_y,zt_z,cam_x,cam_y,cam_z,cam_yaw_deg,cam_pitch_deg,cam_vfov_deg,cam_dist_m,motion_blur,in_move_x,in_move_y,in_swing,in_jump,in_sprint,in_zip,in_drop,in_quick,cam_orbit_pitch_deg,cam_auto_pitch_deg,cam_occ_hold
0,0.0000,swing,swingLow,150.243,0.115,57.832,3.199,13.844,-22.049,26.231,14.209,56.882,181.77,-15.00,60.52,50.02,0.024,0,,1,155.70,15.30,57.72,146.073,0.434,58.887,0.01,-6.88,58.01,4.313,0.003,0.00,1.00,1,0,0,0,0,0,-6.88,-7.29,-0.02
1,0.0167,swing,swingLow,150.299,0.346,57.460,3.479,13.821,-22.409,26.557,14.252,56.510,181.77,-15.00,60.52,50.02,0.067,0,,1,198.63,15.30,48.67,146.129,0.662,58.521,-0.02,-6.88,58.04,4.314,0.013,0.00,1.00,1,0,0,0,0,0,-6.88,-8.34,-0.03
2,0.0333,swing,swingLow,150.359,0.576,57.082,3.768,13.796,-22.764,26.884,14.302,56.132,181.77,-15.00,60.52,50.02,0.104,0,,1,198.63,15.30,48.67,146.190,0.887,58.152,-0.04,-6.89,58.10,4.316,0.028,0.00,1.00,1,0,0,0,0,0,-6.89,-9.81,-0.05
3,0.0500,swing,swingLow,150.425,0.806,56.698,4.064,13.770,-23.115,27.211,14.357,55.748,181.77,-15.00,60.52,50.02,0.135,0,,1,198.63,15.30,48.67,146.256,1.111,57.782,-0.07,-6.91,58.17,4.318,0.047,0.00,1.00,1,0,0,0,0,0,-6.92,-11.53,-0.07
4,0.0667,swing,swingLow,150.495,1.035,56.308,4.369,13.741,-23.461,27.538,14.419,55.358,181.77,-15.00,60.52,50.02,0.163,0,,1,198.63,15.30,48.67,146.328,1.333,57.410,-0.11,-6.97,58.25,4.321,0.070,0.00,1.00,1,0,0,0,0,0,-6.98,-13.37,-0.08
5,0.0833,swing,swingLow,150.571,1.264,55.913,4.682,13.710,-23.804,27.866,14.488,54.963,181.77,-15.00,60.52,50.02,0.187,0,,1,198.63,15.30,48.67,146.405,1.554,57.038,-0.16,-7.07,58.35,4.325,0.095,0.00,1.00,1,0,0,0,0,0,-7.09,-15.24,-0.10
6,0.1000,swing,swingLow,150.652,1.492,55.511,5.004,13.678,-24.141,28.194,14.564,54.561,181.77,-15.00,60.52,50.02,0.208,0,,1,198.63,15.30,48.67,146.489,1.774,56.666,-0.22,-7.23,58.47,4.330,0.123,0.00,1.00,1,0,0,0,0,0,-7.25,-17.07,-0.12
7,0.1167,swing,swingLow,150.738,1.719,55.105,5.334,13.643,-24.473,28.522,14.648,54.155,181.77,-15.00,60.52,50.02,0.227,0,,1,198.63,15.30,48.67,146.578,1.993,56.295,-0.27,-7.45,58.59,4.336,0.153,0.00,1.00,1,0,0,0,0,0,-7.49,-18.83,-0.13
8,0.1333,swing,swingLow,150.830,1.946,54.693,5.673,13.605,-24.801,28.851,14.740,53.743,181.77,-15.00,60.52,50.02,0.244,0,,1,198.63,15.30,48.67,146.675,2.210,55.925,-0.33,-7.75,58.73,4.343,0.184,0.00,1.00,1,0,0,0,0,0,-7.81,-20.49,-0.15
9,0.1500,swing,swingLow,150.928,2.173,54.275,6.020,13.565,-25.123,29.179,14.841,53.325,181.77,-15.00,60.52,50.02,0.259,0,,1,198.63,15.30,48.67,146.777,2.427,55.557,-0.40,-8.13,58.87,4.352,0.216,0.00,1.00,1,0,0,0,0,0,-8.21,-22.04,-0.17
10,0.1667,swing,swingLow,151.032,2.398,53.852,6.375,13.523,-25.439,29.507,14.951,52.902,181.77,-15.00,60.52,50.02,0.274,0,,1,198.63,15.30,48.67,146.887,2.643,55.191,-0.47,-8.58,59.03,4.362,0.248,0.00,1.00,1,0,0,0,0,0,-8.70,-23.45,-0.18
11,0.1833,swing,swingLow,151.141,2.623,53.424,6.739,13.478,-25.749,29.835,15.069,52.474,181.77,-15.00,60.52,50.02,0.287,0,,1,198.63,15.30,48.67,147.004,2.858,54.826,-0.54,-9.12,59.19,4.375,0.281,0.00,1.00,1,0,0,0,0,0,-9.28,-24.75,-0.20
12,0.2000,swing,swingLow,151.257,2.847,52.991,7.112,13.431,-26.054,30.162,15.198,52.041,181.77,-15.00,60.52,50.02,0.300,0,,1,198.63,15.30,48.67,147.129,3.072,54.463,-0.62,-9.73,59.36,4.389,0.314,0.00,1.00,1,0,0,0,0,0,-9.95,-25.91,-0.22
13,0.2167,swing,swingLow,151.379,3.071,52.552,7.493,13.381,-26.352,30.489,15.336,51.602,181.77,-15.00,60.52,50.02,0.312,0,,0,0.00,0.00,0.00,147.261,3.285,54.100,-0.70,-10.41,59.53,4.405,0.347,0.00,1.00,1,0,0,0,0,0,-10.69,-26.96,-0.23
14,0.2333,swing,swingLow,151.508,3.293,52.109,7.883,13.327,-26.643,30.816,15.484,51.159,181.77,-15.00,60.52,50.02,0.324,0,,0,0.00,0.00,0.00,147.401,3.497,53.738,-0.78,-11.15,59.71,4.423,0.379,0.00,1.00,1,0,0,0,0,0,-11.51,-27.89,-0.25
15,0.2500,swing,swingLow,151.643,3.515,51.661,8.281,13.267,-26.930,31.142,15.639,50.711,181.77,-15.00,60.52,50.02,0.335,0,,0,0.00,0.00,0.00,147.549,3.709,53.375,-0.86,-11.93,59.90,4.442,0.412,0.00,1.00,1,0,0,0,0,0,-12.39,-28.72,-0.27
16,0.2667,swing,swingLow,151.784,3.735,51.209,8.687,13.204,-27.210,31.467,15.806,50.259,181.77,-15.00,60.52,50.02,0.346,0,,0,0.00,0.00,0.00,147.705,3.919,53.011,-0.95,-12.75,60.09,4.464,0.443,0.00,1.00,1,0,0,0,0,0,-13.32,-29.46,-0.28
17,0.2833,swing,swingLow,151.933,3.955,50.751,9.102,13.138,-27.482,31.792,15.983,49.801,181.77,-15.00,60.52,50.02,0.357,0,,0,0.00,0.00,0.00,147.869,4.129,52.645,-1.04,-13.60,60.28,4.487,0.474,0.00,1.00,1,0,0,0,0,0,-14.29,-30.11,-0.30
18,0.3000,swing,swingLow,152.089,4.173,50.290,9.525,13.061,-27.751,32.116,16.166,49.340,181.77,-15.00,60.52,50.02,0.368,0,,0,0.00,0.00,0.00,148.042,4.337,52.276,-1.13,-14.47,60.48,4.511,0.505,0.00,1.00,1,0,0,0,0,0,-15.29,-30.68,-0.32
19,0.3167,swing,swingLow,152.251,4.390,49.823,9.957,12.981,-28.011,32.439,16.360,48.873,181.77,-15.00,60.52,50.02,0.378,0,,0,0.00,0.00,0.00,148.223,4.545,51.903,-1.23,-15.34,60.67,4.536,0.534,0.00,1.00,1,0,0,0,0,0,-16.30,-31.17,-0.33
20,0.3333,swing,swingLow,152.421,4.605,49.353,10.397,12.897,-28.264,32.761,16.566,48.403,181.77,-15.00,60.52,50.02,0.388,0,,0,0.00,0.00,0.00,148.412,4.751,51.526,-1.33,-16.21,60.88,4.563,0.563,0.00,1.00,1,0,0,0,0,0,-17.33,-31.61,-0.35
21,0.3500,swing,swingLow,152.599,4.819,48.878,10.845,12.799,-28.513,33.082,16.776,47.928,181.77,-15.00,60.52,50.02,0.399,0,,0,0.00,0.00,0.00,148.609,4.956,51.144,-1.43,-17.06,61.08,4.590,0.591,0.00,1.00,1,0,0,0,0,0,-18.35,-31.99,-0.37
22,0.3667,swing,swingLow,152.784,5.031,48.400,11.301,12.698,-28.753,33.402,16.998,47.450,181.77,-15.00,60.52,50.02,0.409,0,,0,0.00,0.00,0.00,148.814,5.159,50.756,-1.53,-17.90,61.28,4.618,0.618,0.00,1.00,1,0,0,0,0,0,-19.36,-32.32,-0.38
23,0.3833,swing,swingLow,152.977,5.242,47.917,11.765,12.593,-28.985,33.722,17.233,46.967,181.77,-15.00,60.52,50.02,0.419,0,,0,0.00,0.00,0.00,149.027,5.361,50.362,-1.64,-18.71,61.49,4.646,0.645,0.00,1.00,1,0,0,0,0,0,-20.34,-32.61,-0.40
24,0.4000,swing,swingLow,153.177,5.450,47.430,12.236,12.463,-29.216,34.039,17.466,46.480,181.77,-15.00,60.52,50.02,0.430,0,,0,0.00,0.00,0.00,149.248,5.562,49.962,-1.75,-19.49,61.70,4.675,0.670,0.00,1.00,1,0,0,0,0,0,-21.31,-32.86,-0.42
25,0.4167,swing,swingLow,153.385,5.657,46.940,12.716,12.330,-29.438,34.356,17.712,45.990,181.77,-15.00,60.52,50.02,0.440,0,,0,0.00,0.00,0.00,149.477,5.760,49.556,-1.86,-20.24,61.91,4.704,0.694,0.00,1.00,1,0,0,0,0,0,-22.24,-33.07,-0.43
26,0.4333,swing,swingLow,153.602,5.861,46.446,13.203,12.193,-29.651,34.672,17.972,45.496,181.77,-15.00,60.52,50.02,0.450,0,,0,0.00,0.00,0.00,149.713,5.957,49.142,-1.98,-20.94,62.11,4.732,0.718,0.00,1.00,1,0,0,0,0,0,-23.13,-33.26,-0.45
27,0.4500,swing,swingLow,153.827,6.062,45.949,13.697,12.014,-29.867,34.985,18.219,44.999,181.77,-15.00,60.52,50.02,0.461,0,,0,0.00,0.00,0.00,149.957,6.151,48.722,-2.09,-21.61,62.32,4.761,0.740,0.00,1.00,1,0,0,0,0,0,-23.99,-33.42,-0.47
28,0.4667,swing,swingLow,154.059,6.260,45.448,14.198,11.831,-30.074,35.299,18.481,44.498,181.77,-15.00,60.52,50.02,0.471,0,,0,0.00,0.00,0.00,150.208,6.342,48.294,-2.21,-22.24,62.53,4.790,0.762,0.00,1.00,1,0,0,0,0,0,-24.80,-33.56,-0.48
29,0.4833,swing,swingLow,154.301,6.455,44.943,14.707,11.645,-30.271,35.613,18.759,43.993,181.77,-15.00,60.52,50.02,0.482,0,,0,0.00,0.00,0.00,150.467,6.531,47.860,-2.33,-22.82,62.74,4.818,0.782,0.00,1.00,1,0,0,0,0,0,-25.57,-33.68,-0.50
30,0.5000,swing,swingLow,154.551,6.646,44.436,15.221,11.403,-30.474,35.922,19.019,43.486,181.77,-15.00,60.52,50.02,0.492,0,,0,0.00,0.00,0.00,150.733,6.716,47.419,-2.46,-23.36,62.95,4.846,0.802,0.00,1.00,1,0,0,0,0,0,-26.30,-33.78,-0.52
31,0.5167,swing,swingLow,154.809,6.834,43.925,15.742,11.159,-30.666,36.232,19.296,42.975,181.77,-15.00,60.52,50.02,0.503,0,,0,0.00,0.00,0.00,151.006,6.897,46.971,-2.58,-23.86,63.15,4.873,0.821,0.00,1.00,1,0,0,0,0,0,-26.98,-33.86,-0.53
32,0.5333,swing,swingLow,155.077,7.017,43.410,16.270,10.910,-30.849,36.543,19.590,42.460,181.77,-15.00,60.52,50.02,0.513,0,,0,0.00,0.00,0.00,151.287,7.075,46.516,-2.71,-24.32,63.36,4.900,0.838,0.00,1.00,1,0,0,0,0,0,-27.61,-33.94,-0.55
33,0.5500,swing,swingLow,155.353,7.195,42.893,16.801,10.598,-31.035,36.848,19.864,41.943,181.77,-15.00,60.52,50.02,0.524,0,,0,0.00,0.00,0.00,151.576,7.249,46.055,-2.83,-24.74,63.56,4.926,0.855,0.00,1.00,1,0,0,0,0,0,-28.21,-34.00,-0.57
34,0.5667,swing,swingLow,155.637,7.368,42.375,17.251,10.230,-31.057,36.970,20.056,41.425,181.77,-15.00,60.52,50.02,0.534,0,,0,0.00,0.00,0.00,151.871,7.416,45.589,-2.96,-25.12,63.77,4.952,0.871,0.00,1.00,1,0,0,0,0,0,-28.75,-34.06,-0.58
35,0.5833,swing,swingLow,155.928,7.534,41.856,17.702,9.863,-31.070,37.094,20.264,40.906,181.77,-15.00,60.52,50.02,0.544,0,,0,0.00,0.00,0.00,152.172,7.579,45.120,-3.10,-25.47,63.97,4.976,0.886,0.00,1.00,1,0,0,0,0,0,-29.26,-34.11,-0.60
36,0.6000,swing,swingLow,156.227,7.693,41.337,18.146,9.429,-31.085,37.209,20.449,40.387,181.77,-15.00,60.52,50.02,0.553,0,,0,0.00,0.00,0.00,152.479,7.734,44.647,-3.23,-25.78,64.17,5.000,0.900,0.00,1.00,1,0,0,0,0,0,-29.73,-34.15,-0.62
37,0.6167,swing,swingLow,156.533,7.845,40.818,18.590,8.996,-31.093,37.327,20.652,39.868,181.77,-15.00,60.52,50.02,0.562,0,,0,0.00,0.00,0.00,152.793,7.883,44.171,-3.36,-26.07,64.37,5.023,0.914,0.00,1.00,1,0,0,0,0,0,-30.16,-34.18,-0.63
38,0.6333,swing,swingLow,156.847,7.990,40.299,19.035,8.563,-31.092,37.448,20.872,39.349,181.77,-15.00,60.52,50.02,0.571,0,,0,0.00,0.00,0.00,153.113,8.025,43.693,-3.50,-26.32,64.56,5.046,0.926,0.00,1.00,1,0,0,0,0,0,-30.56,-34.21,-0.65
39,0.6500,swing,swingLow,157.168,8.129,39.780,19.476,8.195,-31.048,37.556,21.130,38.830,181.77,-15.00,60.52,50.02,0.579,0,,0,0.00,0.00,0.00,153.439,8.162,43.212,-3.63,-26.54,64.75,5.068,0.938,0.00,1.00,1,0,0,0,0,0,-30.92,-34.24,-0.67
40,0.6667,swing,swingLow,157.497,8.261,39.263,19.927,7.797,-30.995,37.664,21.398,38.313,181.77,-15.00,60.52,50.02,0.587,0,,0,0.00,0.00,0.00,153.771,8.292,42.729,-3.77,-26.74,64.94,5.089,0.949,0.00,1.00,1,0,0,0,0,0,-31.26,-34.26,-0.68
41,0.6833,swing,swingLow,157.833,8.386,38.746,20.387,7.368,-30.933,37.773,21.678,37.796,181.77,-15.00,60.52,50.02,0.594,0,,0,0.00,0.00,0.00,154.110,8.416,42.245,-3.91,-26.92,65.12,5.109,0.960,0.00,1.00,1,0,0,0,0,0,-31.56,-34.28,-0.70
42,0.7000,swing,swingLow,158.177,8.503,38.230,20.836,6.901,-30.865,37.873,21.949,37.280,181.77,-15.00,60.52,50.02,0.601,0,,0,0.00,0.00,0.00,154.456,8.532,41.760,-4.05,-27.08,65.30,5.129,0.969,0.00,1.00,1,0,0,0,0,0,-31.84,-34.29,-0.72
43,0.7167,swing,swingLow,158.528,8.613,37.716,21.279,6.438,-30.787,37.975,22.232,36.766,181.77,-15.00,60.52,50.02,0.609,0,,0,0.00,0.00,0.00,154.808,8.641,41.274,-4.19,-27.21,65.48,5.148,0.979,0.00,1.00,1,0,0,0,0,0,-32.09,-34.30,-0.73
44,0.7333,swing,swingLow,158.886,8.715,37.203,21.709,6.012,-30.701,38.079,22.526,36.253,181.77,-15.00,60.52,50.02,0.616,0,,0,0.00,0.00,0.00,155.166,8.744,40.787,-4.33,-27.33,65.65,5.166,0.987,0.00,1.00,1,0,0,0,0,0,-32.32,-34.32,-0.75
45,0.7500,swing,swingLow,159.252,8.813,36.692,22.135,5.765,-30.557,38.170,22.873,35.742,181.77,-15.00,60.52,50.02,0.623,0,,0,0.00,0.00,0.00,155.531,8.841,40.301,-4.48,-27.43,65.81,5.184,0.995,0.00,1.00,1,0,0,0,0,0,-32.52,-34.32,-0.77
46,0.7667,swing,swingLow,159.624,8.906,36.183,22.559,5.514,-30.404,38.258,23.223,35.233,181.77,-15.00,60.52,50.02,0.629,0,,0,0.00,0.00,0.00,155.901,8.936,39.815,-4.62,-27.52,65.98,5.201,1.003,0.00,1.00,1,0,0,0,0,0,-32.71,-34.33,-0.78
47,0.7833,swing,swingLow,160.004,8.995,35.677,22.981,5.262,-30.240,38.345,23.576,34.727,181.77,-15.00,60.52,50.02,0.636,0,,0,0.00,0.00,0.00,156.279,9.026,39.331,-4.76,-27.59,66.14,5.218,1.010,0.00,1.00,1,0,0,0,0,0,-32.88,-34.34,-0.80
48,0.8000,swing,swingLow,160.391,9.081,35.174,23.407,5.082,-30.047,38.426,23.953,34.224,181.77,-15.00,60.52,50.02,0.642,0,,0,0.00,0.00,0.00,156.662,9.113,38.848,-4.91,-27.66,66.29,5.234,1.016,0.00,1.00,1,0,0,0,0,0,-33.03,-34.35,-0.82
49,0.8167,swing,swingLow,160.785,9.164,34.675,23.830,4.900,-29.844,38.503,24.328,33.725,181.77,-15.00,60.52,50.02,0.649,0,,0,0.00,0.00,0.00,157.052,9.198,38.367,-5.05,-27.71,66.45,5.250,1.022,0.00,1.00,1,0,0,0,0,0,-33.17,-34.35,-0.83
50,0.8333,swing,swingLow,161.185,9.244,34.179,24.249,4.716,-29.631,38.578,24.703,33.229,181.77,-15.00,60.52,50.02,0.655,0,,0,0.00,0.00,0.00,157.449,9.280,37.888,-5.19,-27.75,66.59,5.265,1.028,0.00,1.00,1,0,0,0,0,0,-33.30,-34.35,-0.85
51,0.8500,swing,swingLow,161.593,9.320,33.687,24.664,4.530,-29.408,38.648,25.077,32.737,181.77,-15.00,60.52,50.02,0.661,0,,0,0.00,0.00,0.00,157.852,9.358,37.411,-5.33,-27.79,66.74,5.279,1.033,0.00,1.00,1,0,0,0,0,0,-33.41,-34.36,-0.87
52,0.8667,swing,swingLow,162.008,9.394,33.198,25.075,4.342,-29.176,38.715,25.448,32.248,181.77,-15.00,60.52,50.02,0.667,0,,0,0.00,0.00,0.00,158.261,9.434,36.937,-5.47,-27.81,66.87,5.293,1.038,0.00,1.00,1,0,0,0,0,0,-33.51,-34.36,-0.88
53,0.8833,swing,swingLow,162.429,9.465,32.714,25.482,4.152,-28.935,38.779,25.818,31.764,181.77,-15.00,60.52,50.02,0.673,0,,0,0.00,0.00,0.00,158.677,9.507,36.466,-5.61,-27.83,67.01,5.307,1.043,0.00,1.00,1,0,0,0,0,0,-33.60,-34.36,-0.90
54,0.9000,swing,swingLow,162.857,9.532,32.233,25.884,3.961,-28.684,38.839,26.185,31.283,181.77,-15.00,60.52,50.02,0.679,0,,0,0.00,0.00,0.00,159.099,9.577,35.998,-5.75,-27.85,67.14,5.320,1.047,0.00,1.00,1,0,0,0,0,0,-33.68,-34.36,-0.92
55,0.9167,swing,swingLow,163.292,9.596,31.757,26.281,3.768,-28.424,38.895,26.550,30.807,181.77,-15.00,60.52,50.02,0.684,0,,0,0.00,0.00,0.00,159.527,9.643,35.533,-5.89,-27.86,67.27,5.333,1.051,0.00,1.00,1,0,0,0,0,0,-33.75,-34.34,-0.93
56,0.9333,swing,swingLow,163.734,9.657,31.285,26.673,3.575,-28.155,38.948,26.911,30.335,181.77,-15.00,60.52,50.02,0.690,0,,0,0.00,0.00,0.00,159.961,9.707,35.071,-6.02,-27.86,67.39,5.345,1.055,0.00,1.00,1,0,0,0,0,0,-33.81,-34.29,-0.95
57,0.9500,swing,swingLow,164.181,9.714,30.818,27.059,3.380,-27.877,38.997,27.269,29.868,181.77,-15.00,60.52,50.02,0.695,0,,0,0.00,0.00,0.00,160.401,9.767,34.612,-6.16,-27.84,67.51,5.356,1.058,0.00,1.00,1,0,0,0,0,0,-33.85,-34.19,-0.97
58,0.9667,swing,swingLow,164.636,9.769,30.356,27.439,3.184,-27.590,39.042,27.623,29.406,181.77,-15.00,60.52,50.02,0.700,0,,0,0.00,0.00,0.00,160.847,9.824,34.157,-6.29,-27.82,67.62,5.367,1.061,0.00,1.00,1,0,0,0,0,0,-33.87,-34.06,-0.98
59,0.9833,swing,swingLow,165.096,9.820,29.898,27.814,2.987,-27.294,39.083,27.974,28.948,181.77,-15.00,60.52,50.02,0.706,0,,0,0.00,0.00,0.00,161.298,9.878,33.704,-6.42,-27.78,67.74,5.378,1.064,0.00,1.00,1,0,0,0,0,0,-33.87,-33.88,-1.00
60,1.0000,swing,swingLow,165.563,9.868,29.445,28.182,2.790,-26.990,39.121,28.319,28.495,181.77,-15.00,60.52,50.02,0.711,0,,0,0.00,0.00,0.00,161.754,9.929,33.255,-6.54,-27.72,67.84,5.388,1.067,0.00,1.00,1,0,0,0,0,0,-33.85,-33.65,-1.02
61,1.0167,swing,swingLow,166.036,9.912,28.998,28.543,2.591,-26.677,39.155,28.660,28.048,181.77,-15.00,60.52,50.02,0.715,0,,0,0.00,0.00,0.00,162.215,9.976,32.809,-6.66,-27.64,67.95,5.397,1.069,0.00,1.00,1,0,0,0,0,0,-33.80,-33.38,-1.03
62,1.0333,swing,swingLow,166.514,9.953,28.556,28.898,2.392,-26.356,39.185,28.996,27.606,181.77,-15.00,60.52,50.02,0.720,0,,0,0.00,0.00,0.00,162.681,10.021,32.366,-6.78,-27.54,68.05,5.405,1.072,0.00,1.00,1,0,0,0,0,0,-33.72,-33.07,-1.05
63,1.0500,swing,swingLow,166.999,9.991,28.119,29.245,2.193,-26.027,39.211,29.327,27.169,181.77,-15.00,60.52,50.02,0.725,0,,0,0.00,0.00,0.00,163.152,10.062,31.927,-6.90,-27.42,68.14,5.413,1.074,0.00,1.00,1,0,0,0,0,0,-33.61,-32.73,-1.07
64,1.0667,swing,swingLow,167.489,10.026,27.688,29.585,1.993,-25.690,39.233,29.652,26.738,181.77,-15.00,60.52,50.02,0.729,0,,0,0.00,0.00,0.00,163.628,10.099,31.490,-7.01,-27.27,68.24,5.420,1.076,0.00,1.00,1,0,0,0,0,0,-33.47,-32.35,-1.08
65,1.0833,swing,swingLow,167.985,10.057,27.263,29.918,1.793,-25.345,39.251,29.972,26.313,181.77,-15.00,60.52,50.02,0.734,0,,0,0.00,0.00,0.00,164.108,10.134,31.058,-7.12,-27.11,68.33,5.426,1.078,0.00,1.00,1,0,0,0,0,0,-33.31,-31.94,-1.10
66,1.1000,swing,swingLow,168.487,10.085,26.843,30.243,1.592,-24.993,39.266,30.285,25.893,181.77,-15.00,60.52,50.02,0.738,0,,0,0.00,0.00,0.00,164.592,10.165,30.629,-7.22,-26.92,68.41,5.432,1.079,0.00,1.00,1,0,0,0,0,0,-33.11,-31.51,-1.12
67,1.1167,swing,swingLow,168.993,10.109,26.429,30.560,1.392,-24.633,39.276,30.592,25.479,181.77,-15.00,60.52,50.02,0.742,0,,0,0.00,0.00,0.00,165.080,10.192,30.203,-7.32,-26.71,68.50,5.437,1.081,0.00,1.00,1,0,0,0,0,0,-32.89,-31.05,-1.13
68,1.1333,swing,swingLow,169.505,10.131,26.022,30.869,1.191,-24.266,39.283,30.892,25.072,181.77,-15.00,60.52,50.02,0.746,0,,0,0.00,0.00,0.00,165.573,10.217,29.782,-7.42,-26.48,68.58,5.442,1.083,0.00,1.00,1,0,0,0,0,0,-32.63,-30.57,-1.15
69,1.1500,swing,swingLow,170.022,10.148,25.620,31.163,0.942,-23.903,39.286,31.177,24.670,181.77,-15.00,60.52,50.02,0.750,0,,0,0.00,0.00,0.00,166.070,10.237,29.365,-7.51,-26.23,68.65,5.445,1.084,0.00,1.00,1,0,0,0,0,0,-32.36,-30.08,-1.17
70,1.1667,swing,swingLow,170.544,10.161,25.225,31.449,0.693,-23.532,39.285,31.457,24.275,181.77,-15.00,60.52,50.02,0.754,0,,0,0.00,0.00,0.00,166.571,10.254,28.952,-7.60,-25.96,68.73,5.449,1.085,0.00,1.00,1,0,0,0,0,0,-32.05,-29.57,-1.18
71,1.1833,swing,swingLow,171.070,10.170,24.836,31.727,0.445,-23.155,39.281,31.730,23.886,181.77,-15.00,60.52,50.02,0.757,0,,0,0.00,0.00,0.00,167.075,10.266,28.543,-7.69,-25.67,68.80,5.451,1.086,0.00,1.00,1,0,0,0,0,0,-31.72,-29.05,-1.20
72,1.2000,swing,swingLow,171.601,10.173,24.453,31.980,0.086,-22.794,39.272,31.980,23.503,181.77,-15.00,60.52,50.02,0.761,0,,0,0.00,0.00,0.00,167.584,10.273,28.139,-7.77,-25.37,68.87,5.453,1.087,0.00,1.00,1,0,0,0,0,0,-31.37,-28.52,-1.22
73,1.2167,swing,swingLow,172.136,10.171,24.076,32.225,-0.271,-22.427,39.262,32.226,23.126,181.77,-15.00,60.52,50.02,0.764,0,,0,0.00,0.00,0.00,168.096,10.274,27.739,-7.85,-25.05,68.93,5.455,1.088,0.00,1.00,1,0,0,0,0,0,-31.00,-27.98,-1.23
74,1.2333,swing,swingLow,172.675,10.162,23.705,32.461,-0.627,-22.054,39.249,32.467,22.755,181.77,-15.00,60.52,50.02,0.767,0,,0,0.00,0.00,0.00,168.611,10.269,27.344,-7.93,-24.71,69.00,5.456,1.089,0.00,1.00,1,0,0,0,0,0,-30.61,-27.44,-1.25
75,1.2500,swing,swingLow,173.217,10.147,23.340,32.678,-1.028,-21.682,39.230,32.694,22.390,181.77,-15.00,60.52,50.02,0.770,0,,0,0.00,0.00,0.00,169.130,10.257,26.953,-8.01,-24.37,69.06,5.457,1.090,0.00,1.00,1,0,0,0,0,0,-30.20,-26.89,-1.27
76,1.2667,swing,swingLow,173.763,10.126,22.982,32.886,-1.427,-21.304,39.210,32.917,22.032,181.77,-15.00,60.52,50.02,0.773,0,,0,0.00,0.00,0.00,169.652,10.239,26.568,-8.09,-24.01,69.11,5.457,1.091,0.00,1.00,1,0,0,0,0,0,-29.78,-26.35,-1.28
77,1.2833,swing,swingLow,174.313,10.097,22.630,33.085,-1.824,-20.921,39.188,33.136,21.680,181.77,-15.00,60.52,50.02,0.776,0,,0,0.00,0.00,0.00,170.177,10.215,26.187,-8.16,-23.64,69.17,5.457,1.092,0.00,1.00,1,0,0,0,0,0,-29.35,-25.80,-1.30
78,1.3000,swing,swingLow,174.865,10.058,22.283,33.208,-2.590,-20.597,39.162,33.308,21.333,181.77,-15.00,60.52,50.02,0.779,0,,0,0.00,0.00,0.00,170.705,10.180,25.811,-8.23,-23.26,69.22,5.456,1.092,0.00,1.00,1,0,0,0,0,0,-28.90,-25.25,-1.32
79,1.3167,swing,swingLow,175.419,10.006,21.942,33.323,-3.351,-20.268,39.146,33.491,20.992,181.77,-15.00,60.52,50.02,0.781,0,,0,0.00,0.00,0.00,171.234,10.132,25.439,-8.30,-22.88,69.27,5.455,1.093,0.00,1.00,1,0,0,0,0,0,-28.44,-24.71,-1.33
80,1.3333,swing,swingLow,175.974,9.941,21.607,33.430,-4.107,-19.933,39.138,33.681,20.657,181.77,-15.00,60.52,50.02,0.784,0,,0,0.00,0.00,0.00,171.766,10.072,25.072,-8.37,-22.49,69.32,5.453,1.093,0.00,1.00,1,0,0,0,0,0,-27.97,-24.17,-1.35
81,1.3500,swing,swingLow,176.531,9.864,21.277,33.503,-4.835,-19.573,39.102,33.851,20.327,181.77,-15.00,60.52,50.02,0.786,0,,0,0.00,0.00,0.00,172.298,10.000,24.710,-8.44,-22.09,69.36,5.452,1.094,0.00,1.00,1,0,0,0,0,0,-27.49,-23.63,-1.37
82,1.3667,swing,swingLow,177.090,9.775,20.954,33.569,-5.559,-19.208,39.073,34.026,20.004,181.77,-15.00,60.52,50.02,0.789,0,,0,0.00,0.00,0.00,172.833,9.916,24.353,-8.52,-21.69,69.40,5.450,1.094,0.00,1.00,1,0,0,0,0,0,-27.01,-23.09,-1.38
83,1.3833,swing,swingLow,177.649,9.674,20.636,33.627,-6.277,-18.839,39.052,34.208,19.686,181.77,-15.00,60.52,50.02,0.791,0,,0,0.00,0.00,0.00,173.368,9.821,24.002,-8.59,-21.28,69.44,5.447,1.095,0.00,1.00,1,0,0,0,0,0,-26.52,-22.56,-1.40
84,1.4000,swing,swingLow,178.209,9.561,20.326,33.659,-6.943,-18.445,39.005,34.368,19.376,181.77,-15.00,60.52,50.02,0.793,0,,0,0.00,0.00,0.00,173.905,9.715,23.657,-8.66,-20.88,69.48,5.445,1.095,0.00,1.00,1,0,0,0,0,0,-26.03,-22.04,-1.42
85,1.4167,swing,swingLow,178.769,9.438,20.021,33.684,-7.604,-18.048,38.963,34.531,19.071,181.77,-15.00,60.52,50.02,0.795,0,,0,0.00,0.00,0.00,174.442,9.598,23.317,-8.74,-20.47,69.52,5.442,1.096,0.00,1.00,1,0,0,0,0,0,-25.53,-21.52,-1.43
86,1.4333,swing,swingLow,179.330,9.303,19.724,33.700,-8.260,-17.646,38.927,34.697,18.774,181.77,-15.00,60.52,50.02,0.797,0,,0,0.00,0.00,0.00,174.981,9.470,22.984,-8.81,-20.05,69.55,5.438,1.096,0.00,1.00,1,0,0,0,0,0,-25.04,-21.00,-1.45
87,1.4500,swing,swingLow,179.891,9.159,19.433,33.700,-8.850,-17.224,38.867,34.843,18.483,181.77,-15.00,60.52,50.02,0.799,0,,0,0.00,0.00,0.00,175.519,9.333,22.657,-8.88,-19.64,69.59,5.435,1.096,0.00,1.00,1,0,0,0,0,0,-24.54,-20.50,-1.47
88,1.4667,swing,swingLow,180.452,9.004,19.149,33.692,-9.435,-16.799,38.811,34.988,18.199,181.77,-15.00,60.52,50.02,0.800,0,,0,0.00,0.00,0.00,176.059,9.186,22.337,-8.96,-19.23,69.62,5.431,1.097,0.00,1.00,1,0,0,0,0,0,-24.04,-19.99,-1.48
89,1.4833,swing,swingLow,181.012,8.840,18.873,33.675,-10.013,-16.370,38.759,35.132,17.923,181.77,-15.00,60.52,50.02,0.802,0,,0,0.00,0.00,0.00,176.598,9.030,22.024,-9.04,-18.82,69.65,5.427,1.097,0.00,1.00,1,0,0,0,0,0,-23.54,-19.50,-1.50
90,1.5000,swing,swingLow,181.572,8.667,18.604,33.652,-10.518,-15.925,38.687,35.257,17.654,181.77,-15.00,60.52,50.02,0.803,0,,0,0.00,0.00,0.00,177.138,8.865,21.718,-9.11,-18.41,69.67,5.423,1.097,0.00,1.00,1,0,0,0,0,0,-23.04,-19.01,-1.52
91,1.5167,swing,swingLow,182.132,8.486,18.342,33.619,-11.018,-15.478,38.617,35.379,17.392,181.77,-15.00,60.52,50.02,0.804,0,,0,0.00,0.00,0.00,177.678,8.692,21.419,-9.19,-18.00,69.70,5.418,1.097,0.00,1.00,1,0,0,0,0,0,-22.55,-18.53,-1.53
92,1.5333,swing,swingLow,182.691,8.297,18.088,33.579,-11.511,-15.029,38.547,35.497,17.138,181.77,-15.00,60.52,50.02,0.805,0,,0,0.00,0.00,0.00,178.217,8.511,21.128,-9.26,-17.59,69.72,5.413,1.098,0.00,1.00,1,0,0,0,0,0,-22.05,-18.06,-1.55
93,1.5500,swing,swingBottom,183.250,8.100,17.841,33.540,-11.928,-14.568,38.463,35.597,16.891,181.77,-15.00,60.52,50.02,0.806,0,,0,0.00,0.00,0.00,178.757,8.323,20.844,-9.34,-17.18,69.74,5.408,1.098,0.00,1.00,1,0,0,0,0,0,-21.56,-17.59,-1.57
94,1.5667,swing,swingBottom,183.807,7.897,17.602,33.492,-12.338,-14.106,38.378,35.692,16.652,181.77,-15.00,60.52,50.02,0.807,0,,0,0.00,0.00,0.00,179.297,8.128,20.567,-9.42,-16.78,69.76,5.403,1.098,0.00,1.00,1,0,0,0,0,0,-21.07,-17.14,-1.58
95,1.5833,swing,swingBottom,184.364,7.686,17.371,33.435,-12.743,-13.642,38.293,35.781,16.421,181.77,-15.00,60.52,50.02,0.807,0,,0,0.00,0.00,0.00,179.836,7.927,20.299,-9.49,-16.38,69.78,5.398,1.098,0.00,1.00,1,0,0,0,0,0,-20.59,-16.69,-1.60
96,1.6000,swing,swingBottom,184.920,7.470,17.147,33.385,-13.073,-13.170,38.196,35.854,16.197,181.77,-15.00,60.52,50.02,0.808,0,,0,0.00,0.00,0.00,180.375,7.720,20.038,-9.56,-15.98,69.79,5.392,1.098,0.00,1.00,1,0,0,0,0,0,-20.11,-16.25,-1.62
97,1.6167,swing,swingBottom,185.475,7.249,16.932,33.327,-13.398,-12.698,38.097,35.919,15.982,181.77,-15.00,60.52,50.02,0.808,0,,0,0.00,0.00,0.00,180.914,7.507,19.785,-9.64,-15.59,69.81,5.386,1.098,0.00,1.00,1,0,0,0,0,0,-19.64,-15.81,-1.63
98,1.6333,swing,swingBottom,186.029,7.022,16.724,33.259,-13.717,-12.226,37.997,35.976,15.774,181.77,-15.00,60.52,50.02,0.808,0,,0,0.00,0.00,0.00,181.453,7.289,19.540,-9.71,-15.20,69.82,5.380,1.099,0.00,1.00,1,0,0,0,0,0,-19.17,-15.39,-1.65
99,1.6500,swing,swingBottom,186.583,6.790,16.525,33.201,-13.967,-11.749,37.887,36.020,15.575,181.77,-15.00,60.52,50.02,0.808,0,,0,0.00,0.00,0.00,181.991,7.066,19.303,-9.78,-14.81,69.83,5.374,1.099,0.00,1.00,1,0,0,0,0,0,-18.71,-14.98,-1.67
100,1.6667,swing,swingBottom,187.135,6.555,16.333,33.135,-14.212,-11.273,37.775,36.054,15.383,181.77,-15.00,60.52,50.02,0.808,0,,0,0.00,0.00,0.00,182.528,6.840,19.074,-9.85,-14.43,69.84,5.368,1.099,0.00,1.00,1,0,0,0,0,0,-18.26,-14.57,-1.68
101,1.6833,swing,swingBottom,187.685,6.315,16.149,33.059,-14.452,-10.798,37.661,36.079,15.199,181.77,-15.00,60.52,50.02,0.807,0,,0,0.00,0.00,0.00,183.065,6.609,18.854,-9.92,-14.06,69.85,5.362,1.099,0.00,1.00,1,0,0,0,0,0,-17.81,-14.18,-1.70
102,1.7000,swing,swingBottom,188.235,6.072,15.973,32.993,-14.633,-10.320,37.539,36.092,15.023,181.77,-15.00,60.52,50.02,0.807,0,,0,0.00,0.00,0.00,183.601,6.374,18.641,-9.98,-13.68,69.85,5.355,1.099,0.00,1.00,1,0,0,0,0,0,-17.37,-13.79,-1.72
103,1.7167,swing,swingBottom,188.784,5.827,15.805,32.918,-14.808,-9.844,37.414,36.096,14.855,181.77,-15.00,60.52,50.02,0.806,0,,0,0.00,0.00,0.00,184.137,6.137,18.437,-10.04,-13.32,69.86,5.349,1.099,0.00,1.00,1,0,0,0,0,0,-16.93,-13.41,-1.73
104,1.7333,swing,swingBottom,189.331,5.578,15.645,32.834,-14.978,-9.370,37.286,36.089,14.695,181.77,-15.00,60.52,50.02,0.805,0,,0,0.00,0.00,0.00,184.672,5.896,18.241,-10.10,-12.96,69.86,5.342,1.099,0.00,1.00,1,0,0,0,0,0,-16.50,-13.05,-1.75
105,1.7500,swing,swingBottom,189.877,5.327,15.493,32.770,-15.106,-8.899,37.165,36.084,14.543,181.77,-15.00,60.52,50.02,0.804,0,,0,0.00,0.00,0.00,185.207,5.653,18.053,-10.16,-12.60,69.86,5.336,1.099,0.00,1.00,1,0,0,0,0,0,-16.08,-12.69,-1.77
106,1.7667,swing,swingBottom,190.422,5.074,15.349,32.723,-15.242,-8.437,37.071,36.098,14.399,181.77,-15.00,60.52,50.02,0.803,0,,0,0.00,0.00,0.00,185.741,5.408,17.873,-10.22,-12.25,69.86,5.329,1.099,0.00,1.00,1,0,0,0,0,0,-15.67,-12.34,-1.78
107,1.7833,swing,swingBottom,190.967,4.818,15.212,32.690,-15.383,-7.981,37.000,36.129,14.262,181.77,-15.00,60.52,50.02,0.802,0,,0,0.00,0.00,0.00,186.275,5.160,17.702,-10.27,-11.90,69.86,5.322,1.099,0.00,1.00,1,0,0,0,0,0,-15.27,-12.01,-1.80
108,1.8000,swing,swingBottom,191.511,4.561,15.083,32.682,-15.500,-7.528,36.946,36.171,14.133,181.77,-15.00,60.52,50.02,0.801,0,,0,0.00,0.00,0.00,186.809,4.910,17.538,-10.32,-11.56,69.85,5.316,1.099,0.00,1.00,1,0,0,0,0,0,-14.87,-11.68,-1.82
109,1.8167,swing,swingBottom,192.057,4.300,14.961,32.758,-15.656,-7.095,36.994,36.307,14.011,181.77,-15.00,60.52,50.02,0.800,0,,0,0.00,0.00,0.00,187.345,4.657,17.382,-10.37,-11.23,69.85,5.309,1.099,0.00,1.00,1,0,0,0,0,0,-14.49,-11.37,-1.83
110,1.8333,swing,swingBottom,192.602,4.038,14.846,32.754,-15.773,-6.644,36.956,36.354,13.896,181.77,-15.00,60.52,50.02,0.800,0,,0,0.00,0.00,0.00,187.882,4.401,17.233,-10.42,-10.90,69.84,5.302,1.099,0.00,1.00,1,0,0,0,0,0,-14.11,-11.06,-1.85
111,1.8500,swing,swingBottom,193.149,3.774,14.739,32.843,-15.906,-6.208,37.016,36.492,13.789,181.77,-15.00,60.52,50.02,0.800,0,,0,0.00,0.00,0.00,188.420,4.143,17.093,-10.46,-10.58,69.83,5.295,1.100,0.00,1.00,1,0,0,0,0,0,-13.74,-10.77,-1.87
112,1.8667,swing,swingBottom,193.697,3.508,14.639,32.847,-15.999,-5.756,36.987,36.537,13.689,181.77,-15.00,60.52,50.02,0.800,0,,0,0.00,0.00,0.00,188.959,3.883,16.961,-10.50,-10.27,69.82,5.289,1.100,0.00,1.00,1,0,0,0,0,0,-13.38,-10.48,-1.88
113,1.8833,swing,swingBottom,194.244,3.240,14.547,32.850,-16.090,-5.305,36.962,36.579,13.597,181.77,-15.00,60.52,50.02,0.800,0,,0,0.00,0.00,0.00,189.499,3.622,16.836,-10.54,-9.96,69.81,5.282,1.100,0.00,1.00,1,0,0,0,0,0,-13.03,-10.21,-1.90
114,1.9000,swing,swingBottom,194.793,2.971,14.462,32.935,-16.199,-4.863,37.024,36.703,13.512,181.77,-15.00,60.52,50.02,0.800,0,,0,0.00,0.00,0.00,190.040,3.358,16.720,-10.57,-9.66,69.80,5.276,1.100,0.00,1.00,1,0,0,0,0,0,-12.69,-9.95,-1.92
115,1.9167,swing,swingBottom,195.341,2.700,14.385,32.928,-16.263,-4.408,36.989,36.725,13.435,181.77,-15.00,60.52,50.02,0.801,0,,0,0.00,0.00,0.00,190.582,3.093,16.611,-10.60,-9.37,69.79,5.269,1.100,0.00,1.00,1,0,0,0,0,0,-12.36,-9.70,-1.93
116,1.9333,swing,swingBottom,195.891,2.428,14.315,32.995,-16.363,-3.963,37.042,36.830,13.365,181.77,-15.00,60.52,50.02,0.801,0,,0,0.00,0.00,0.00,191.124,2.827,16.511,-10.63,-9.08,69.78,5.263,1.100,0.00,1.00,1,0,0,0,0,0,-12.04,-9.45,-1.95
117,1.9500,swing,swingBottom,196.440,2.155,14.253,32.977,-16.404,-3.506,36.998,36.831,13.303,181.77,-15.00,60.52,50.02,0.801,0,,0,0.00,0.00,0.00,191.668,2.559,16.419,-10.65,-8.81,69.77,5.256,1.100,0.00,1.00,1,0,0,0,0,0,-11.73,-9.22,-1.97
118,1.9667,swing,swingBottom,196.990,1.881,14.198,33.032,-16.481,-3.056,37.042,36.915,13.248,181.77,-15.00,60.52,50.02,0.802,0,,0,0.00,0.00,0.00,192.212,2.289,16.335,-10.68,-8.53,69.76,5.250,1.100,0.00,1.00,1,0,0,0,0,0,-11.43,-9.00,-1.98
119,1.9833,swing,swingBottom,197.540,1.606,14.151,32.995,-16.512,-2.598,36.988,36.896,13.201,181.77,-15.00,60.52,50.02,0.802,0,,0,0.00,0.00,0.00,192.756,2.019,16.259,-10.69,-8.27,69.75,5.244,1.100,0.00,1.00,1,0,0,0,0,0,-11.14,-8.79,-2.00
120,2.0000,swing,swingBottom,198.090,1.330,14.112,33.038,-16.569,-2.146,37.022,36.960,13.162,181.77,-15.00,60.52,50.02,0.803,0,,0,0.00,0.00,0.00,193.301,1.748,16.192,-10.71,-8.02,69.74,5.238,1.100,0.00,1.00,1,0,0,0,0,0,-10.86,-8.59,-2.02
121,2.0167,swing,swingBottom,198.640,1.054,14.080,32.988,-16.580,-1.689,36.958,36.920,13.130,181.77,-15.00,60.52,50.02,0.803,0,,0,0.00,0.00,0.00,193.846,1.476,16.132,-10.72,-7.77,69.73,5.232,1.100,0.00,1.00,1,0,0,0,0,0,-10.59,-8.40,-2.03
122,2.0333,swing,swingBottom,199.190,0.777,14.055,33.011,-16.627,-1.235,36.983,36.962,13.105,181.77,-15.00,60.52,50.02,0.803,0,,0,0.00,0.00,0.00,194.392,1.203,16.081,-10.73,-7.53,69.72,5.226,1.100,0.00,1.00,1,0,0,0,0,0,-10.33,-8.22,-2.05
123,2.0500,swing,swingBottom,199.741,0.499,14.039,33.025,-16.670,-0.781,37.002,36.994,13.089,181.77,-15.00,60.52,50.02,0.804,0,,0,0.00,0.00,0.00,194.938,0.929,16.038,-10.74,-7.29,69.70,5.220,1.100,0.00,1.00,1,0,0,0,0,0,-10.08,-8.05,-2.07
124,2.0667,swing,swingBottom,200.291,0.221,14.029,33.030,-16.708,-0.326,37.016,37.015,13.079,181.77,-15.00,60.52,50.02,0.804,0,,0,0.00,0.00,0.00,195.484,0.654,16.003,-10.74,-7.07,69.69,5.214,1.100,0.00,1.00,1,0,0,0,0,0,-9.84,-7.89,-2.08
125,2.0833,swing,swingBottom,200.841,-0.057,14.028,33.025,-16.741,0.130,37.026,37.025,13.078,181.77,-15.00,60.52,50.02,0.804,0,,0,0.00,0.00,0.00,196.031,0.379,15.977,-10.75,-6.85,69.68,5.208,1.100,0.00,1.00,1,0,0,0,0,0,-9.61,-7.74,-2.10
126,2.1000,swing,swingBottom,201.393,-0.338,14.034,33.127,-16.828,0.589,37.161,37.156,13.084,181.77,-15.00,60.52,50.02,0.805,0,,0,0.00,0.00,0.00,196.580,0.102,15.959,-10.74,-6.65,69.67,5.202,1.100,0.00,1.00,1,0,0,0,0,0,-9.39,-7.61,-2.12
127,2.1167,swing,swingBottom,201.946,-0.619,14.048,33.218,-16.911,1.053,37.290,37.275,13.098,181.77,-15.00,60.52,50.02,0.806,0,,0,0.00,0.00,0.00,197.131,-0.176,15.949,-10.74,-6.45,69.66,5.196,1.100,0.00,1.00,1,0,0,0,0,0,-9.18,-7.48,-2.13
128,2.1333,swing,swingBottom,202.501,-0.901,14.069,33.336,-16.916,1.521,37.413,37.382,13.119,181.77,-15.00,60.52,50.02,0.807,0,,0,0.00,0.00,0.00,197.684,-0.456,15.947,-10.73,-6.25,69.65,5.190,1.100,0.00,1.00,1,0,0,0,0,0,-8.98,-7.36,-2.15
129,2.1500,swing,swingBottom,203.059,-1.182,14.098,33.478,-16.837,1.994,37.526,37.473,13.148,181.77,-15.00,60.52,50.02,0.808,0,,0,0.00,0.00,0.00,198.239,-0.734,15.955,-10.72,-6.07,69.65,5.184,1.100,0.00,1.00,1,0,0,0,0,0,-8.79,-7.25,-2.17
130,2.1667,swing,swingBottom,203.619,-1.462,14.135,33.589,-16.753,2.468,37.616,37.535,13.185,181.77,-15.00,60.52,50.02,0.810,0,,0,0.00,0.00,0.00,198.797,-1.011,15.970,-10.71,-5.90,69.64,5.179,1.100,0.00,1.00,1,0,0,0,0,0,-8.61,-7.16,-2.18
131,2.1833,swing,swingBottom,204.179,-1.740,14.181,33.666,-16.673,2.944,37.684,37.568,13.231,181.77,-15.00,60.52,50.02,0.812,0,,0,0.00,0.00,0.00,199.356,-1.287,15.995,-10.70,-5.73,69.63,5.173,1.100,0.00,1.00,1,0,0,0,0,0,-8.44,-7.07,-2.20
132,2.2000,swing,swingBottom,204.741,-2.017,14.234,33.719,-16.584,3.420,37.732,37.577,13.284,181.77,-15.00,60.52,50.02,0.813,0,,0,0.00,0.00,0.00,199.916,-1.562,16.028,-10.68,-5.57,69.63,5.168,1.100,0.00,1.00,1,0,0,0,0,0,-8.28,-6.99,-2.22
133,2.2167,swing,swingBottom,205.304,-2.292,14.295,33.748,-16.489,3.895,37.763,37.561,13.345,181.77,-15.00,60.52,50.02,0.815,0,,0,0.00,0.00,0.00,200.477,-1.836,16.070,-10.66,-5.43,69.62,5.163,1.100,0.00,1.00,1,0,0,0,0,0,-8.13,-6.93,-2.23
134,2.2333,swing,swingBottom,205.867,-2.566,14.363,33.753,-16.397,4.369,37.778,37.525,13.413,181.77,-15.00,60.52,50.02,0.816,0,,0,0.00,0.00,0.00,201.039,-2.108,16.120,-10.63,-5.29,69.62,5.158,1.100,0.00,1.00,1,0,0,0,0,0,-7.99,-6.87,-2.25
135,2.2500,swing,swingBottom,206.430,-2.838,14.440,33.744,-16.286,4.842,37.780,37.468,13.490,181.77,-15.00,60.52,50.02,0.817,0,,0,0.00,0.00,0.00,201.600,-2.379,16.179,-10.60,-5.16,69.62,5.153,1.100,0.00,1.00,1,0,0,0,0,0,-7.86,-6.83,-2.27
136,2.2667,swing,swingBottom,206.992,-3.108,14.525,33.717,-16.169,5.312,37.769,37.394,13.575,181.77,-15.00,60.52,50.02,0.817,0,,0,0.00,0.00,0.00,202.161,-2.648,16.247,-10.57,-5.04,69.62,5.149,1.100,0.00,1.00,1,0,0,0,0,0,-7.75,-6.79,-2.28
137,2.2833,swing,swingBottom,207.554,-3.376,14.617,33.674,-16.046,5.780,37.747,37.302,13.667,181.77,-15.00,60.52,50.02,0.818,0,,0,0.00,0.00,0.00,202.722,-2.915,16.323,-10.53,-4.93,69.61,5.145,1.100,0.00,1.00,1,0,0,0,0,0,-7.64,-6.77,-2.30
138,2.3000,swing,swingBottom,208.115,-3.641,14.718,33.625,-15.898,6.244,37.715,37.194,13.768,181.77,-15.00,60.52,50.02,0.818,0,,0,0.00,0.00,0.00,203.281,-3.181,16.407,-10.49,-4.83,69.61,5.141,1.100,0.00,1.00,1,0,0,0,0,0,-7.54,-6.76,-2.32
139,2.3167,swing,swingBottom,208.675,-3.904,14.825,33.558,-15.751,6.705,37.673,37.071,13.875,181.77,-15.00,60.52,50.02,0.817,0,,0,0.00,0.00,0.00,203.840,-3.444,16.501,-10.45,-4.73,69.61,5.137,1.100,0.00,1.00,1,0,0,0,0,0,-7.46,-6.76,-2.33
140,2.3333,swing,swingBottom,209.233,-4.165,14.941,33.478,-15.600,7.161,37.622,36.934,13.991,181.77,-15.00,60.52,50.02,0.817,0,,0,0.00,0.00,0.00,204.398,-3.705,16.602,-10.40,-4.65,69.61,5.133,1.100,0.00,1.00,1,0,0,0,0,0,-7.38,-6.76,-2.35
141,2.3500,swing,swingBottom,209.791,-4.423,15.064,33.399,-15.411,7.614,37.563,36.783,14.114,181.77,-15.00,60.52,50.02,0.816,0,,0,0.00,0.00,0.00,204.955,-3.963,16.712,-10.35,-4.58,69.61,5.130,1.100,0.00,1.00,1,0,0,0,0,0,-7.31,-6.78,-2.37
142,2.3667,swing,swingBottom,210.347,-4.678,15.195,33.305,-15.223,8.062,37.497,36.620,14.245,181.77,-15.00,60.52,50.02,0.815,0,,0,0.00,0.00,0.00,205.510,-4.218,16.830,-10.29,-4.52,69.61,5.126,1.100,0.00,1.00,1,0,0,0,0,0,-7.26,-6.81,-2.38
143,2.3833,swing,swingBottom,210.901,-4.929,15.333,33.198,-15.036,8.505,37.423,36.444,14.383,181.77,-15.00,60.52,50.02,0.813,0,,0,0.00,0.00,0.00,206.064,-4.471,16.956,-10.24,-4.47,69.61,5.123,1.100,0.00,1.00,1,0,0,0,0,0,-7.21,-6.85,-2.40
144,2.4000,swing,swingBottom,211.453,-5.177,15.478,33.094,-14.808,8.943,37.343,36.256,14.528,181.77,-15.00,60.52,50.02,0.812,0,,0,0.00,0.00,0.00,206.616,-4.720,17.091,-10.17,-4.43,69.61,5.119,1.100,0.00,1.00,1,0,0,0,0,0,-7.18,-6.91,-2.42
145,2.4167,swing,swingBottom,212.004,-5.421,15.631,32.979,-14.578,9.375,37.256,36.057,14.681,181.77,-15.00,60.52,50.02,0.810,0,,0,0.00,0.00,0.00,207.166,-4.966,17.233,-10.11,-4.40,69.61,5.116,1.100,0.00,1.00,1,0,0,0,0,0,-7.16,-6.97,-2.43
146,2.4333,swing,swingBottom,212.552,-5.661,15.790,32.851,-14.349,9.800,37.163,35.848,14.840,181.77,-15.00,60.52,50.02,0.808,0,,0,0.00,0.00,0.00,207.715,-5.208,17.383,-10.04,-4.38,69.61,5.113,1.100,0.00,1.00,1,0,0,0,0,0,-7.14,-7.04,-2.45
147,2.4500,swing,swingBottom,213.099,-5.897,15.957,32.729,-14.073,10.221,37.064,35.627,15.007,181.77,-15.00,60.52,50.02,0.805,0,,0,0.00,0.00,0.00,208.261,-5.446,17.541,-9.96,-4.37,69.61,5.110,1.100,0.00,1.00,1,0,0,0,0,0,-7.14,-7.12,-2.47
148,2.4667,swing,swingBottom,213.644,-6.129,16.131,32.677,-13.834,10.662,37.052,35.485,15.181,181.77,-15.00,60.52,50.02,0.803,0,,0,0.00,0.00,0.00,208.807,-5.680,17.707,-9.89,-4.37,69.61,5.107,1.100,0.00,1.00,1,0,0,0,0,0,-7.15,-7.22,-2.48
149,2.4833,swing,swingBottom,214.188,-6.356,16.312,32.598,-13.590,11.094,37.019,35.317,15.362,181.77,-15.00,60.52,50.02,0.801,0,,0,0.00,0.00,0.00,209.352,-5.911,17.881,-9.81,-4.38,69.61,5.104,1.100,-0.00,1.00,1,0,0,0,0,0,-7.17,-7.32,-2.50
150,2.5000,swing,swingBottom,214.732,-6.580,16.501,32.604,-13.326,11.551,37.068,35.223,15.551,181.77,-15.00,60.52,50.02,0.798,0,,0,0.00,0.00,0.00,209.896,-6.137,18.064,-9.72,-4.41,69.60,5.101,1.100,-0.00,1.00,1,0,0,0,0,0,-7.20,-7.44,-2.52
151,2.5167,swing,swingBottom,215.275,-6.798,16.697,32.519,-13.026,11.975,37.021,35.031,15.747,181.77,-15.00,60.52,50.02,0.796,0,,0,0.00,0.00,0.00,210.440,-6.359,18.254,-9.63,-4.45,69.60,5.098,1.100,-0.00,1.00,1,0,0,0,0,0,-7.24,-7.56,-2.53
152,2.5333,swing,swingBottom,215.817,-7.012,16.900,32.504,-12.761,12.426,37.064,34.919,15.950,181.77,-15.00,60.52,50.02,0.794,0,,0,0.00,0.00,0.00,210.983,-6.576,18.453,-9.54,-4.49,69.60,5.096,1.100,-0.00,1.00,1,0,0,0,0,0,-7.29,-7.70,-2.55
153,2.5500,swing,swingBottom,216.359,-7.221,17.111,32.410,-12.413,12.842,37.006,34.706,16.161,181.77,-15.00,60.52,50.02,0.792,0,,0,0.00,0.00,0.00,211.526,-6.789,18.659,-9.44,-4.55,69.59,5.093,1.100,-0.00,1.00,1,0,0,0,0,0,-7.35,-7.85,-2.57
154,2.5667,swing,swingBottom,216.899,-7.424,17.329,32.390,-12.091,13.286,37.038,34.573,16.379,181.77,-15.00,60.52,50.02,0.790,0,,0,0.00,0.00,0.00,212.068,-6.996,18.874,-9.34,-4.62,69.59,5.090,1.100,-0.00,1.00,1,0,0,0,0,0,-7.42,-8.00,-2.58
155,2.5833,swing,swingHigh,217.440,-7.622,17.554,32.361,-11.765,13.727,37.068,34.433,16.604,181.77,-15.00,60.52,50.02,0.789,0,,0,0.00,0.00,0.00,212.610,-7.199,19.096,-9.24,-4.71,69.58,5.088,1.100,-0.00,1.00,1,0,0,0,0,0,-7.51,-8.17,-2.60
156,2.6000,swing,swingHigh,217.979,-7.813,17.786,32.250,-11.360,14.127,36.996,34.192,16.836,181.77,-15.00,60.52,50.02,0.787,0,,0,0.00,0.00,0.00,213.150,-7.395,19.327,-9.13,-4.80,69.58,5.085,1.100,-0.00,1.00,1,0,0,0,0,0,-7.60,-8.35,-2.62
157,2.6167,swing,swingHigh,218.516,-7.998,18.025,32.209,-10.989,14.558,37.015,34.032,17.075,181.77,-15.00,60.52,50.02,0.785,0,,0,0.00,0.00,0.00,213.690,-7.585,19.565,-9.02,-4.91,69.57,5.083,1.100,-0.00,1.00,1,0,0,0,0,0,-7.70,-8.54,-2.63
158,2.6333,swing,swingHigh,219.053,-8.177,18.272,32.161,-10.610,14.985,37.033,33.866,17.322,181.77,-15.00,60.52,50.02,0.783,0,,0,0.00,0.00,0.00,214.229,-7.769,19.811,-8.91,-5.03,69.57,5.080,1.100,-0.00,1.00,1,0,0,0,0,0,-7.82,-8.73,-2.65
159,2.6500,swing,swingHigh,219.589,-8.348,18.525,32.113,-10.169,15.405,37.040,33.685,17.575,181.77,-15.00,60.52,50.02,0.781,0,,0,0.00,0.00,0.00,214.767,-7.946,20.064,-8.79,-5.16,69.56,5.078,1.100,-0.00,1.00,1,0,0,0,0,0,-7.94,-8.94,-2.67
160,2.6667,swing,swingHigh,220.125,-8.512,18.785,32.053,-9.737,15.820,37.047,33.500,17.835,181.77,-15.00,60.52,50.02,0.779,0,,0,0.00,0.00,0.00,215.304,-8.117,20.326,-8.67,-5.31,69.56,5.076,1.100,-0.01,1.00,1,0,0,0,0,0,-8.07,-9.16,-2.68
161,2.6833,swing,swingHigh,220.659,-8.670,19.052,31.982,-9.313,16.231,37.054,33.310,18.102,181.77,-15.00,60.52,50.02,0.778,0,,0,0.00,0.00,0.00,215.841,-8.280,20.595,-8.55,-5.47,69.56,5.074,1.100,-0.01,1.00,1,0,0,0,0,0,-8.22,-9.39,-2.70
162,2.7000,swing,swingHigh,221.192,-8.819,19.326,31.907,-8.825,16.631,37.048,33.105,18.376,181.77,-15.00,60.52,50.02,0.776,0,,0,0.00,0.00,0.00,216.377,-8.437,20.871,-8.42,-5.64,69.55,5.072,1.100,-0.01,1.00,1,0,0,0,0,0,-8.37,-9.63,-2.72
163,2.7167,swing,swingHigh,221.723,-8.960,19.606,31.827,-8.328,17.025,37.043,32.899,18.656,181.77,-15.00,60.52,50.02,0.774,0,,0,0.00,0.00,0.00,216.911,-8.585,21.155,-8.29,-5.82,69.55,5.070,1.100,-0.01,1.00,1,0,0,0,0,0,-8.54,-9.87,-2.73
164,2.7333,swing,swingHigh,222.253,-9.093,19.893,31.727,-7.877,17.415,37.039,32.690,18.943,181.77,-15.00,60.52,50.02,0.772,0,,0,0.00,0.00,0.00,217.444,-8.725,21.447,-8.16,-6.02,69.54,5.067,1.100,-0.01,1.00,1,0,0,0,0,0,-8.71,-10.13,-2.75
165,2.7500,swing,swingHigh,222.782,-9.219,20.187,31.609,-7.413,17.789,37.021,32.466,19.237,181.77,-15.00,60.52,50.02,0.770,0,,0,0.00,0.00,0.00,217.975,-8.858,21.745,-8.02,-6.23,69.54,5.065,1.100,-0.01,1.00,1,0,0,0,0,0,-8.90,-10.40,-2.77
166,2.7667,swing,swingHigh,223.308,-9.337,20.486,31.489,-6.931,18.158,37.004,32.242,19.536,181.77,-15.00,60.52,50.02,0.768,0,,0,0.00,0.00,0.00,218.505,-8.984,22.050,-7.88,-6.45,69.53,5.064,1.100,-0.01,1.00,1,0,0,0,0,0,-9.10,-10.68,-2.78
167,2.7833,swing,swingHigh,223.832,-9.447,20.792,31.366,-6.430,18.520,36.989,32.019,19.842,181.77,-15.00,60.52,50.02,0.765,0,,0,0.00,0.00,0.00,219.033,-9.101,22.362,-7.74,-6.69,69.53,5.062,1.100,-0.01,1.00,1,0,0,0,0,0,-9.30,-10.97,-2.80
168,2.8000,swing,swingHigh,224.354,-9.547,21.103,31.235,-5.872,18.864,36.959,31.782,20.153,181.77,-15.00,60.52,50.02,0.763,0,,0,0.00,0.00,0.00,219.559,-9.210,22.681,-7.60,-6.94,69.52,5.060,1.100,-0.01,1.00,1,0,0,0,0,0,-9.52,-11.27,-2.82
169,2.8167,swing,swingHigh,224.874,-9.638,21.420,31.100,-5.299,19.202,36.932,31.548,20.470,181.77,-15.00,60.52,50.02,0.761,0,,0,0.00,0.00,0.00,220.082,-9.310,23.006,-7.45,-7.21,69.52,5.058,1.100,-0.01,1.00,1,0,0,0,0,0,-9.74,-11.57,-2.83
170,2.8333,swing,swingHigh,225.391,-9.719,21.743,30.962,-4.712,19.534,36.911,31.318,20.793,181.77,-15.00,60.52,50.02,0.758,0,,0,0.00,0.00,0.00,220.604,-9.399,23.338,-7.31,-7.49,69.51,5.056,1.100,-0.01,1.00,1,0,0,0,0,0,-9.98,-11.89,-2.85
171,2.8500,swing,swingHigh,225.907,-9.790,22.070,30.805,-4.081,19.843,36.870,31.074,21.120,181.77,-15.00,60.52,50.02,0.755,0,,0,0.00,0.00,0.00,221.124,-9.479,23.675,-7.16,-7.78,69.51,5.054,1.100,-0.01,1.00,1,0,0,0,0,0,-10.23,-12.22,-2.87
172,2.8667,swing,swingHigh,226.419,-9.851,22.403,30.645,-3.439,20.146,36.835,30.837,21.453,181.77,-15.00,60.52,50.02,0.752,0,,0,0.00,0.00,0.00,221.641,-9.549,24.019,-7.01,-8.09,69.51,5.052,1.100,-0.01,1.00,1,0,0,0,0,0,-10.48,-12.56,-2.88
173,2.8833,swing,swingHigh,226.929,-9.900,22.741,30.481,-2.786,20.442,36.806,30.608,21.791,181.77,-15.00,60.52,50.02,0.750,0,,0,0.00,0.00,0.00,222.156,-9.607,24.368,-6.85,-8.42,69.50,5.050,1.100,-0.01,1.00,1,0,0,0,0,0,-10.75,-12.90,-2.90
174,2.9000,swing,swingHigh,227.435,-9.938,23.084,30.291,-2.100,20.713,36.755,30.363,22.134,181.77,-15.00,60.52,50.02,0.747,0,,0,0.00,0.00,0.00,222.668,-9.655,24.722,-6.70,-8.76,69.50,5.049,1.100,-0.01,1.00,1,0,0,0,0,0,-11.03,-13.26,-2.92
175,2.9167,swing,swingHigh,227.939,-9.965,23.431,30.096,-1.405,20.977,36.712,30.129,22.481,181.77,-15.00,60.52,50.02,0.743,0,,0,0.00,0.00,0.00,223.178,-9.691,25.082,-6.54,-9.12,69.49,5.047,1.100,-0.01,1.00,1,0,0,0,0,0,-11.31,-13.62,-2.93
176,2.9333,swing,swingHigh,228.439,-9.980,23.782,29.897,-0.700,21.234,36.677,29.906,22.832,181.77,-15.00,60.52,50.02,0.740,0,,0,0.00,0.00,0.00,223.684,-9.716,25.447,-6.39,-9.49,69.49,5.045,1.100,-0.01,1.00,1,0,0,0,0,0,-11.61,-14.00,-2.95
177,2.9500,swing,swingHigh,228.935,-9.983,24.137,29.666,0.013,21.465,36.617,29.666,23.187,181.77,-15.00,60.52,50.02,0.737,0,,0,0.00,0.00,0.00,224.187,-9.729,25.816,-6.23,-9.88,69.48,5.043,1.100,-0.02,1.00,1,0,0,0,0,0,-11.91,-14.38,-2.97
178,2.9667,swing,swingHigh,229.428,-9.974,24.497,29.431,0.733,21.688,36.567,29.440,23.547,181.77,-15.00,60.52,50.02,0.733,0,,0,0.00,0.00,0.00,224.686,-9.731,26.190,-6.07,-10.28,69.47,5.041,1.100,-0.02,1.00,1,0,0,0,0,0,-12.23,-14.77,-2.98
179,2.9833,swing,swingHigh,229.917,-9.953,24.859,29.191,1.458,21.905,36.525,29.227,23.909,181.77,-15.00,60.52,50.02,0.730,0,,0,0.00,0.00,0.00,225.182,-9.720,26.569,-5.91,-10.70,69.47,5.039,1.100,-0.02,1.00,1,0,0,0,0,0,-12.55,-15.17,-3.00
180,3.0000,swing,swingHigh,230.401,-9.920,25.225,28.916,2.170,22.096,36.457,28.998,24.275,181.77,-15.00,60.52,50.02,0.726,0,,0,0.00,0.00,0.00,225.674,-9.698,26.951,-5.75,-11.13,69.46,5.037,1.100,-0.02,1.00,1,0,0,0,0,0,-12.88,-15.58,-3.02
181,3.0167,swing,swingHigh,230.880,-9.876,25.594,28.638,2.886,22.280,36.399,28.783,24.644,181.77,-15.00,60.52,50.02,0.723,0,,0,0.00,0.00,0.00,226.162,-9.664,27.338,-5.59,-11.59,69.45,5.035,1.100,-0.02,1.00,1,0,0,0,0,0,-13.23,-15.99,-3.03
182,3.0333,swing,swingHigh,231.355,-9.819,25.967,28.355,3.606,22.458,36.350,28.583,25.017,181.77,-15.00,60.52,50.02,0.719,0,,0,0.00,0.00,0.00,226.646,-9.618,27.728,-5.43,-12.05,69.45,5.032,1.100,-0.02,1.00,1,0,0,0,0,0,-13.58,-16.42,-3.05
183,3.0500,swing,swingHigh,231.825,-9.751,26.341,28.038,4.292,22.612,36.275,28.365,25.391,181.77,-15.00,60.52,50.02,0.715,0,,0,0.00,0.00,0.00,227.124,-9.561,28.122,-5.27,-12.54,69.44,5.030,1.100,-0.02,1.00,1,0,0,0,0,0,-13.94,-16.85,-3.07
184,3.0667,swing,swingHigh,232.290,-9.671,26.719,27.718,4.981,22.760,36.209,28.162,25.769,181.77,-15.00,60.52,50.02,0.711,0,,0,0.00,0.00,0.00,227.598,-9.492,28.518,-5.11,-13.04,69.43,5.028,1.100,-0.02,1.00,1,0,0,0,0,0,-14.31,-17.29,-3.08
185,3.0833,swing,swingHigh,232.749,-9.579,27.099,27.394,5.672,22.900,36.152,27.975,26.149,181.77,-15.00,60.52,50.02,0.707,0,,0,0.00,0.00,0.00,228.068,-9.412,28.918,-4.95,-13.56,69.42,5.025,1.100,-0.02,1.00,1,0,0,0,0,0,-14.68,-17.73,-3.10
186,3.1000,swing,swingHigh,233.202,-9.477,27.480,27.040,6.310,23.024,36.071,27.767,26.530,181.77,-15.00,60.52,50.02,0.703,0,,0,0.00,0.00,0.00,228.531,-9.321,29.321,-4.79,-14.09,69.41,5.022,1.100,-0.02,1.00,1,0,0,0,0,0,-15.07,-18.18,-3.12
187,3.1167,swing,swingHigh,233.649,-9.364,27.864,26.684,6.949,23.141,35.997,27.574,26.914,181.77,-15.00,60.52,50.02,0.699,0,,0,0.00,0.00,0.00,228.990,-9.220,29.726,-4.64,-14.64,69.40,5.020,1.100,-0.02,1.00,1,0,0,0,0,0,-15.46,-18.64,-3.13
188,3.1333,swing,swingHigh,234.091,-9.241,28.250,26.324,7.591,23.250,35.932,27.396,27.300,181.77,-15.00,60.52,50.02,0.695,0,,0,0.00,0.00,0.00,229.443,-9.108,30.134,-4.48,-15.21,69.39,5.017,1.100,-0.02,1.00,1,0,0,0,0,0,-15.86,-19.11,-3.15
189,3.1500,swing,swingHigh,234.526,-9.107,28.638,25.941,8.163,23.351,35.845,27.195,27.688,181.77,-15.00,60.52,50.02,0.690,0,,0,0.00,0.00,0.00,229.890,-8.986,30.544,-4.32,-15.80,69.38,5.014,1.100,-0.02,1.00,1,0,0,0,0,0,-16.27,-19.58,-3.17
190,3.1667,swing,swingHigh,234.955,-8.965,29.027,25.556,8.736,23.445,35.764,27.008,28.077,181.77,-15.00,60.52,50.02,0.686,0,,0,0.00,0.00,0.00,230.332,-8.855,30.956,-4.17,-16.40,69.37,5.011,1.100,-0.02,1.00,1,0,0,0,0,0,-16.69,-20.05,-3.18
191,3.1833,swing,swingHigh,235.377,-8.812,29.417,25.168,9.310,23.531,35.690,26.835,28.467,181.77,-15.00,60.52,50.02,0.681,0,,0,0.00,0.00,0.00,230.768,-8.714,31.371,-4.01,-17.02,69.35,5.007,1.100,-0.02,1.00,1,0,0,0,0,0,-17.11,-20.54,-3.20
192,3.2000,air,trick,235.596,-8.731,29.620,26.226,9.701,24.320,37.059,27.962,28.670,0.00,0.00,0.00,0.00,0.000,0,tuckFlip,0,0.00,0.00,0.00,231.200,-8.571,31.786,-3.87,-17.54,69.34,4.903,1.100,-0.02,1.00,0,0,0,0,0,0,-17.54,-21.02,-3.22
193,3.2167,air,trick,236.033,-8.570,30.020,26.226,9.701,23.920,36.798,27.962,29.070,0.00,0.00,0.00,0.00,0.000,0,tuckFlip,0,0.00,0.00,0.00,231.647,-8.422,32.206,-3.71,-18.07,69.33,4.902,1.100,-0.02,1.00,0,0,0,0,0,0,-17.98,-21.51,-3.23
194,3.2333,air,trick,236.470,-8.408,30.414,26.226,9.701,23.520,36.539,27.962,29.464,0.00,0.00,0.00,0.00,0.000,0,tuckFlip,0,0.00,0.00,0.00,232.093,-8.273,32.618,-3.54,-18.59,69.32,4.902,1.100,-0.02,1.00,0,0,0,0,0,0,-18.42,-22.00,-3.25
195,3.2500,air,trick,236.907,-8.246,30.801,26.226,9.701,23.120,36.283,27.962,29.851,0.00,0.00,0.00,0.00,0.000,0,tuckFlip,0,0.00,0.00,0.00,232.539,-8.125,33.021,-3.34,-19.11,69.31,4.901,1.100,-0.02,1.00,0,0,0,0,0,0,-18.87,-22.51,-3.27
196,3.2667,air,trick,237.344,-8.084,31.181,26.226,9.701,22.720,36.029,27.962,30.231,0.00,0.00,0.00,0.00,0.000,0,tuckFlip,0,0.00,0.00,0.00,232.983,-7.978,33.417,-3.13,-19.63,69.30,4.901,1.100,-0.02,1.00,0,0,0,0,0,0,-19.33,-23.02,-3.28
197,3.2833,air,trick,237.781,-7.923,31.555,26.226,9.701,22.320,35.778,27.962,30.605,0.00,0.00,0.00,0.00,0.000,0,tuckFlip,0,0.00,0.00,0.00,233.428,-7.831,33.805,-2.90,-20.16,69.29,4.902,1.100,-0.02,1.00,0,0,0,0,0,0,-19.79,-23.53,-3.30
198,3.3000,air,trick,238.218,-7.761,31.922,26.226,9.701,21.920,35.530,27.962,30.972,0.00,0.00,0.00,0.00,0.000,0,tuckFlip,0,0.00,0.00,0.00,233.871,-7.685,34.187,-2.65,-20.68,69.28,4.902,1.100,-0.02,1.00,0,0,0,0,0,0,-20.26,-24.06,-3.32
199,3.3167,air,trick,238.655,-7.599,32.282,26.226,9.701,21.520,35.285,27.962,31.332,0.00,0.00,0.00,0.00,0.000,0,tuckFlip,0,0.00,0.00,0.00,234.315,-7.539,34.562,-2.38,-21.20,69.27,4.903,1.100,-0.02,1.00,0,0,0,0,0,0,-20.74,-24.59,-3.33
200,3.3333,air,trick,239.092,-7.438,32.636,26.226,9.701,21.120,35.042,27.962,31.686,0.00,0.00,0.00,0.00,0.000,0,tuckFlip,0,0.00,0.00,0.00,234.759,-7.393,34.930,-2.10,-21.72,69.26,4.903,1.100,-0.02,1.00,0,0,0,0,0,0,-21.22,-25.12,-3.35
201,3.3500,air,trick,239.530,-7.276,32.983,26.226,9.701,20.720,34.803,27.962,32.033,0.00,0.00,0.00,0.00,0.000,0,tuckFlip,0,0.00,0.00,0.00,235.203,-7.247,35.292,-1.81,-22.24,69.25,4.904,1.100,-0.02,1.00,0,0,0,0,0,0,-21.71,-25.66,-3.37
202,3.3667,air,trick,239.967,-7.114,33.323,26.226,9.701,20.320,34.566,27.962,32.373,0.00,0.00,0.00,0.00,0.000,0,tuckFlip,0,0.00,0.00,0.00,235.647,-7.102,35.649,-1.51,-22.75,69.23,4.906,1.099,-0.03,1.00,0,0,0,0,0,0,-22.20,-26.20,-3.38
203,3.3833,air,trick,240.404,-6.953,33.657,26.226,9.701,19.920,34.332,27.962,32.707,0.00,0.00,0.00,0.00,0.000,0,tuckFlip,0,0.00,0.00,0.00,236.092,-6.957,35.999,-1.19,-23.27,69.21,4.907,1.099,-0.03,1.00,0,0,0,0,0,0,-22.70,-26.74,-3.40
204,3.4000,air,trick,240.841,-6.791,33.984,26.226,9.701,19.520,34.102,27.962,33.034,0.00,0.00,0.00,0.00,0.000,0,tuckFlip,0,0.00,0.00,0.00,236.536,-6.812,36.343,-0.87,-23.78,69.19,4.908,1.099,-0.03,1.00,0,0,0,0,0,0,-23.21,-27.29,-3.42
205,3.4167,air,trick,241.278,-6.629,34.304,26.226,9.701,19.120,33.874,27.962,33.354,0.00,0.00,0.00,0.00,0.000,0,tuckFlip,0,0.00,0.00,0.00,236.982,-6.667,36.681,-0.53,-24.29,69.17,4.910,1.098,-0.03,1.00,0,0,0,0,0,0,-23.72,-27.82,-3.43
206,3.4333,air,trick,241.715,-6.468,34.618,26.226,9.701,18.720,33.650,27.962,33.668,0.00,0.00,0.00,0.00,0.000,0,tuckFlip,0,0.00,0.00,0.00,237.427,-6.522,37.014,-0.19,-24.79,69.14,4.912,1.097,-0.03,1.00,0,0,0,0,0,0,-24.22,-28.33,-3.45
207,3.4500,air,trick,242.152,-6.306,34.925,26.226,9.701,18.320,33.429,27.962,33.975,0.00,0.00,0.00,0.00,0.000,0,tuckFlip,0,0.00,0.00,0.00,237.873,-6.378,37.340,0.16,-25.28,69.11,4.914,1.096,-0.04,1.00,0,0,0,0,0,0,-24.73,-28.81,-3.47
208,3.4667,air,trick,242.589,-6.144,35.225,26.226,9.701,17.920,33.212,27.962,34.275,0.00,0.00,0.00,0.00,0.000,0,tuckFlip,0,0.00,0.00,0.00,238.319,-6.233,37.659,0.51,-25.76,69.08,4.916,1.095,-0.04,1.00,0,0,0,0,0,0,-25.23,-29.26,-3.48
209,3.4833,air,trick,243.026,-5.982,35.519,26.226,9.701,17.520,32.998,27.962,34.569,0.00,0.00,0.00,0.00,0.000,0,tuckFlip,0,0.00,0.00,0.00,238.765,-6.089,37.972,0.87,-26.22,69.05,4.918,1.093,-0.04,1.00,0,0,0,0,0,0,-25.72,-29.68,-3.50
210,3.5000,air,trick,243.463,-5.821,35.806,26.226,9.701,17.120,32.787,27.962,34.856,0.00,0.00,0.00,0.00,0.000,0,tuckFlip,0,0.00,0.00,0.00,239.211,-5.944,38.278,1.23,-26.66,69.01,4.921,1.092,-0.04,1.00,0,0,0,0,0,0,-26.20,-30.07,-3.52
211,3.5167,air,trick,243.986,-5.628,36.100,31.321,11.586,17.520,37.712,33.396,35.150,0.00,0.00,0.00,0.00,0.000,0,tuckFlip,0,0.00,0.00,0.00,239.742,-5.769,38.591,1.59,-27.08,68.98,4.923,1.090,-0.05,1.00,0,0,0,0,0,0,-26.66,-30.43,-3.53
212,3.5333,air,trick,244.507,-5.435,36.387,31.259,11.563,17.120,37.469,33.329,35.437,0.00,0.00,0.00,0.00,0.000,0,tuckFlip,0,0.00,0.00,0.00,240.271,-5.593,38.897,1.96,-27.47,68.95,4.926,1.089,-0.05,1.00,0,0,0,0,0,0,-27.11,-30.75,-3.55
213,3.5500,air,trick,245.027,-5.242,36.667,31.196,11.540,16.720,37.228,33.262,35.717,0.00,0.00,0.00,0.00,0.000,0,tuckFlip,0,0.00,0.00,0.00,240.799,-5.419,39.196,2.33,-27.84,68.93,4.930,1.088,-0.05,1.00,0,0,0,0,0,0,-27.55,-31.04,-3.57
214,3.5667,air,trick,245.546,-5.050,36.941,31.134,11.517,16.320,36.990,33.196,35.991,0.00,0.00,0.00,0.00,0.000,0,tuckFlip,0,0.00,0.00,0.00,241.325,-5.244,39.488,2.70,-28.18,68.91,4.934,1.087,-0.06,1.00,0,0,0,0,0,0,-27.96,-31.31,-3.58
215,3.5833,air,trick,246.065,-4.859,37.208,31.096,11.427,15.920,36.756,33.129,36.258,0.00,0.00,0.00,0.00,0.000,0,tuckFlip,0,0.00,0.00,0.00,241.850,-5.071,39.773,3.07,-28.49,68.90,4.939,1.087,-0.06,1.00,0,0,0,0,0,0,-28.36,-31.55,-3.60
216,3.6000,air,trick,246.583,-4.670,37.468,31.070,11.307,15.520,36.524,33.063,36.518,0.00,0.00,0.00,0.00,0.000,0,tuckFlip,0,0.00,0.00,0.00,242.373,-4.900,40.050,3.44,-28.78,68.89,4.944,1.087,-0.06,1.00,0,0,0,0,0,0,-28.73,-31.77,-3.62
217,3.6167,air,trick,247.100,-4.484,37.722,31.053,11.158,15.120,36.296,32.997,36.772,0.00,0.00,0.00,0.00,0.000,0,tuckFlip,0,0.00,0.00,0.00,242.896,-4.731,40.321,3.81,-29.04,68.88,4.949,1.087,-0.07,1.00,0,0,0,0,0,0,-29.09,-31.97,-3.63
218,3.6333,air,trick,247.618,-4.300,37.969,31.047,10.979,14.720,36.071,32.931,37.019,0.00,0.00,0.00,0.00,0.000,0,tuckFlip,0,0.00,0.00,0.00,243.419,-4.565,40.584,4.18,-29.28,68.88,4.954,1.087,-0.07,1.00,0,0,0,0,0,0,-29.42,-32.15,-3.65
219,3.6500,air,trick,248.135,-4.120,38.209,31.050,10.771,14.320,35.849,32.865,37.259,0.00,0.00,0.00,0.00,0.000,0,tuckFlip,0,0.00,0.00,0.00,243.941,-4.402,40.840,4.54,-29.49,68.87,4.959,1.087,-0.08,1.00,0,0,0,0,0,0,-29.74,-32.32,-3.67
220,3.6667,air,trick,248.653,-3.943,38.443,31.062,10.534,13.920,35.631,32.800,37.493,0.00,0.00,0.00,0.00,0.000,0,tuckFlip,0,0.00,0.00,0.00,244.462,-4.243,41.089,4.89,-29.69,68.87,4.965,1.087,-0.08,1.00,0,0,0,0,0,0,-30.04,-32.47,-3.68
221,3.6833,air,trick,249.171,-3.771,38.670,31.082,10.267,13.520,35.416,32.734,37.720,0.00,0.00,0.00,0.00,0.000,0,tuckFlip,0,0.00,0.00,0.00,244.984,-4.088,41.330,5.24,-29.86,68.86,4.971,1.087,-0.08,1.00,0,0,0,0,0,0,-30.33,-32.61,-3.70
222,3.7000,air,trick,249.689,-3.603,38.890,31.110,9.971,13.120,35.205,32.669,37.940,0.00,0.00,0.00,0.00,0.000,0,tuckFlip,0,0.00,0.00,0.00,245.506,-3.937,41.564,5.58,-30.02,68.86,4.976,1.088,-0.09,1.00,0,0,0,0,0,0,-30.59,-32.75,-3.72
223,3.7167,air,trick,250.208,-3.441,39.104,31.144,9.645,12.720,34.997,32.603,38.154,0.00,0.00,0.00,0.00,0.000,0,tuckFlip,0,0.00,0.00,0.00,246.028,-3.791,41.792,5.92,-30.16,68.85,4.982,1.088,-0.09,1.00,0,0,0,0,0,0,-30.84,-32.87,-3.73
224,3.7333,air,trick,250.728,-3.285,39.311,31.184,9.290,12.320,34.792,32.538,38.361,0.00,0.00,0.00,0.00,0.000,0,tuckFlip,0,0.00,0.00,0.00,246.550,-3.651,42.012,6.25,-30.29,68.85,4.989,1.088,-0.10,1.00,0,0,0,0,0,0,-31.08,-32.99,-3.75
225,3.7500,air,trick,251.248,-3.135,39.511,31.228,8.905,11.920,34.592,32.473,38.561,0.00,0.00,0.00,0.00,0.000,0,tuckFlip,0,0.00,0.00,0.00,247.072,-3.517,42.225,6.56,-30.40,68.84,4.995,1.089,-0.10,0.99,0,0,0,0,0,0,-31.30,-33.10,-3.77
226,3.7667,air,trick,251.769,-2.992,39.705,31.276,8.490,11.520,34.395,32.408,38.755,0.00,0.00,0.00,0.00,0.000,0,tuckFlip,1,301.98,15.30,40.89,247.595,-3.389,42.431,6.87,-30.50,68.83,5.001,1.089,-0.10,0.99,0,0,0,0,0,0,-31.51,-33.20,-3.78
227,3.7833,air,trick,252.291,-2.856,39.892,31.327,8.045,11.120,34.202,32.343,38.942,0.00,0.00,0.00,0.00,0.000,0,tuckFlip,1,301.98,15.30,40.89,248.119,-3.267,42.631,7.17,-30.59,68.82,5.007,1.089,-0.11,0.99,0,0,0,0,0,0,-31.71,-33.30,-3.80
228,3.8000,air,trick,252.814,-2.727,40.072,31.378,7.571,10.720,34.012,32.279,39.122,0.00,0.00,0.00,0.00,0.000,0,tuckFlip,1,301.98,15.30,40.89,248.643,-3.153,42.823,7.45,-30.67,68.81,5.014,1.089,-0.11,0.99,0,0,0,0,0,0,-31.89,-33.39,-3.82
229,3.8167,air,trick,253.337,-2.607,40.246,31.429,7.067,10.320,33.827,32.214,39.296,0.00,0.00,0.00,0.00,0.000,0,tuckFlip,1,301.98,15.30,40.89,249.168,-3.046,43.008,7.73,-30.74,68.79,5.021,1.089,-0.12,0.99,0,0,0,0,0,0,-32.07,-33.48,-3.83
230,3.8333,air,trick,253.862,-2.496,40.413,31.479,6.532,9.920,33.645,32.150,39.463,0.00,0.00,0.00,0.00,0.000,0,tuckFlip,1,301.98,15.30,40.89,249.693,-2.948,43.187,7.99,-30.81,68.78,5.027,1.089,-0.12,0.99,0,0,0,0,0,0,-32.23,-33.57,-3.85
231,3.8500,air,trick,254.387,-2.394,40.573,31.525,5.968,9.520,33.468,32.085,39.623,0.00,0.00,0.00,0.00,0.000,0,tuckFlip,1,301.98,15.30,40.89,250.219,-2.858,43.358,8.23,-30.86,68.76,5.034,1.089,-0.12,0.99,0,0,0,0,0,0,-32.39,-33.66,-3.87
232,3.8667,air,trick,254.913,-2.302,40.727,31.567,5.374,9.120,33.295,32.021,39.777,0.00,0.00,0.00,0.00,0.000,0,tuckFlip,1,301.98,15.30,40.89,250.746,-2.776,43.523,8.47,-30.91,68.74,5.041,1.088,-0.13,0.99,0,0,0,0,0,0,-32.54,-33.73,-3.88
233,3.8833,air,trick,255.440,-2.221,40.874,31.634,4.755,8.720,33.156,31.989,39.924,0.00,0.00,0.00,0.00,0.000,0,tuckFlip,1,301.98,15.30,40.89,251.273,-2.705,43.681,8.69,-30.96,68.71,5.047,1.087,-0.13,0.99,0,0,0,0,0,0,-32.68,-33.81,-3.90
234,3.9000,air,trick,255.968,-2.149,41.014,31.724,4.109,8.320,33.054,31.989,40.064,0.00,0.00,0.00,0.00,0.000,0,tuckFlip,1,301.98,15.30,40.89,251.802,-2.643,43.833,8.89,-31.00,68.69,5.054,1.086,-0.14,0.99,0,0,0,0,0,0,-32.81,-33.87,-3.92
235,3.9167,air,trick,256.498,-2.089,41.148,31.805,3.431,7.920,32.955,31.989,40.198,0.00,0.00,0.00,0.00,0.000,0,tuckFlip,1,301.98,15.30,40.89,252.332,-2.591,43.977,9.08,-31.03,68.66,5.061,1.085,-0.14,0.99,0,0,0,0,0,0,-32.93,-33.93,-3.93
236,3.9333,air,trick,257.029,-2.041,41.275,31.873,2.720,7.520,32.861,31.989,40.325,0.00,0.00,0.00,0.00,0.000,0,tuckFlip,1,301.98,15.30,40.89,252.862,-2.550,44.115,9.26,-31.06,68.63,5.068,1.084,-0.14,0.99,0,0,0,0,0,0,-33.05,-33.99,-3.95
237,3.9500,air,trick,257.561,-2.005,41.395,31.928,1.978,7.120,32.772,31.989,40.445,0.00,0.00,0.00,0.00,0.000,0,tuckFlip,1,301.98,15.30,40.89,253.394,-2.520,44.245,9.41,-31.09,68.60,5.075,1.083,-0.15,0.99,0,0,0,0,0,0,-33.16,-34.04,-3.97
238,3.9667,air,trick,258.093,-1.982,41.509,31.967,1.204,6.720,32.688,31.989,40.559,0.00,0.00,0.00,0.00,0.000,0,tuckFlip,1,301.98,15.30,40.89,253.926,-2.501,44.369,9.55,-31.11,68.57,5.081,1.082,-0.15,0.99,0,0,0,0,0,0,-33.26,-34.08,-3.98
239,3.9833,air,trick,258.626,-1.972,41.616,31.987,0.398,6.320,32.608,31.989,40.666,0.00,0.00,0.00,0.00,0.000,0,tuckFlip,1,301.98,15.30,40.89,254.458,-2.495,44.486,9.68,-31.13,68.53,5.088,1.080,-0.15,0.99,0,0,0,0,0,0,-33.35,-34.12,-4.00
240,4.0000,air,trick,259.159,-1.972,41.716,31.989,0.000,5.920,32.532,31.989,40.766,0.00,0.00,0.00,0.00,0.000,0,tuckFlip,1,301.98,15.30,40.89,254.990,-2.497,44.596,9.78,-31.15,68.50,5.095,1.079,-0.15,0.99,0,0,0,0,0,0,-33.44,-34.15,-4.02
241,4.0167,air,trick,259.693,-1.972,41.810,31.989,0.000,5.520,32.462,31.989,40.860,0.00,0.00,0.00,0.00,0.000,0,tuckFlip,1,301.98,15.30,40.89,255.522,-2.499,44.700,9.87,-31.16,68.46,5.101,1.077,-0.16,0.99,0,0,0,0,0,0,-33.52,-34.18,-4.03
242,4.0333,air,trick,260.226,-1.972,41.897,31.989,0.000,5.120,32.396,31.989,40.947,0.00,0.00,0.00,0.00,0.000,0,tuckFlip,1,301.98,15.30,40.89,256.054,-2.499,44.796,9.93,-31.17,68.42,5.108,1.075,-0.16,0.99,0,0,0,0,0,0,-33.60,-34.21,-4.05
243,4.0500,air,trick,260.759,-1.972,41.977,31.989,0.000,4.720,32.336,31.989,41.027,0.00,0.00,0.00,0.00,0.000,0,tuckFlip,1,301.98,15.30,40.89,256.586,-2.498,44.886,9.99,-31.17,68.39,5.114,1.074,-0.16,0.99,0,0,0,0,0,0,-33.67,-34.23,-4.07
244,4.0667,air,trick,261.292,-1.972,42.051,31.989,0.000,4.320,32.280,31.989,41.101,0.00,0.00,0.00,0.00,0.000,0,tuckFlip,1,301.98,15.30,40.89,257.118,-2.497,44.969,10.03,-31.18,68.35,5.120,1.072,-0.16,0.99,0,0,0,0,0,0,-33.73,-34.25,-4.08
245,4.0833,air,trick,261.825,-1.972,42.118,31.989,0.000,3.920,32.229,31.989,41.168,0.00,0.00,0.00,0.00,0.000,0,tuckFlip,1,301.98,15.30,40.89,257.649,-2.495,45.045,10.05,-31.18,68.31,5.127,1.071,-0.17,0.99,0,0,0,0,0,0,-33.79,-34.27,-4.10
246,4.1000,air,rise,262.358,-1.972,42.178,31.989,0.000,3.520,32.182,31.989,41.228,0.00,0.00,0.00,0.00,0.000,0,,1,301.98,15.30,40.89,258.181,-2.493,45.115,10.06,-31.18,68.27,5.133,1.069,-0.17,0.99,0,0,0,0,0,0,-33.85,-34.28,-4.12
247,4.1167,air,rise,262.892,-1.972,42.232,31.989,0.000,3.210,32.150,31.989,41.282,0.00,0.00,0.00,0.00,0.000,0,,1,301.98,15.30,40.89,258.712,-2.490,45.178,10.06,-31.18,68.23,5.139,1.067,-0.17,0.99,0,0,0,0,0,0,-33.89,-34.30,-4.13
248,4.1333,air,apex,263.425,-1.972,42.283,31.989,0.000,2.990,32.129,31.989,41.333,0.00,0.00,0.00,0.00,0.000,0,,1,301.98,15.30,40.89,259.243,-2.486,45.238,10.04,-31.17,68.19,5.145,1.066,-0.17,0.99,0,0,0,0,0,0,-33.94,-34.31,-4.15
249,4.1500,air,apex,263.958,-1.972,42.330,31.989,0.000,2.770,32.109,31.989,41.380,0.00,0.00,0.00,0.00,0.000,0,,1,301.98,15.30,40.89,259.775,-2.482,45.293,10.02,-31.17,68.15,5.151,1.064,-0.17,0.99,0,0,0,0,0,0,-33.98,-34.32,-4.17
250,4.1667,air,apex,264.491,-1.972,42.374,31.989,0.000,2.550,32.091,31.989,41.424,0.00,0.00,0.00,0.00,0.000,0,,1,301.98,15.30,40.89,260.306,-2.477,45.345,9.98,-31.16,68.11,5.157,1.063,-0.17,0.99,0,0,0,0,0,0,-34.02,-34.33,-4.18
251,4.1833,air,apex,265.024,-1.972,42.413,31.989,0.000,2.330,32.074,31.989,41.463,0.00,0.00,0.00,0.00,0.000,0,,1,301.98,15.30,40.89,260.837,-2.472,45.393,9.93,-31.15,68.07,5.163,1.062,-0.17,0.99,0,0,0,0,0,0,-34.05,-34.33,-4.20
252,4.2000,air,apex,265.557,-1.972,42.450,31.989,0.000,2.110,32.059,31.989,41.500,0.00,0.00,0.00,0.00,0.000,0,,1,301.98,15.30,40.89,261.368,-2.467,45.437,9.88,-31.15,68.03,5.169,1.060,-0.17,0.99,0,0,0,0,0,0,-34.09,-34.34,-4.22
253,4.2167,air,apex,266.090,-1.972,42.482,31.989,0.000,1.890,32.045,31.989,41.532,0.00,0.00,0.00,0.00,0.000,0,,1,301.98,15.30,40.89,261.899,-2.461,45.477,9.81,-31.14,67.99,5.175,1.059,-0.17,0.99,0,0,0,0,0,0,-34.11,-34.35,-4.23
254,4.2333,air,apex,266.624,-1.972,42.511,31.989,0.000,1.670,32.033,31.989,41.561,0.00,0.00,0.00,0.00,0.000,0,,1,301.98,15.30,40.89,262.431,-2.455,45.514,9.74,-31.13,67.95,5.180,1.058,-0.17,0.99,0,0,0,0,0,0,-34.14,-34.35,-4.25
255,4.2500,air,apex,267.157,-1.972,42.536,31.989,0.000,1.450,32.022,31.989,41.586,0.00,0.00,0.00,0.00,0.000,0,,1,301.98,15.30,40.89,262.962,-2.448,45.546,9.66,-31.11,67.91,5.185,1.057,-0.17,0.99,0,0,0,0,0,0,-34.16,-34.35,-4.27
256,4.2667,air,apex,267.690,-1.972,42.557,31.989,0.000,1.230,32.013,31.989,41.607,0.00,0.00,0.00,0.00,0.000,0,,1,301.98,15.30,40.89,263.493,-2.442,45.575,9.58,-31.10,67.87,5.190,1.056,-0.17,0.99,0,0,0,0,0,0,-34.19,-34.36,-4.28
257,4.2833,air,apex,268.223,-1.972,42.575,31.989,0.000,1.010,32.005,31.989,41.625,0.00,0.00,0.00,0.00,0.000,0,,1,301.98,15.30,40.89,264.024,-2.435,45.599,9.48,-31.09,67.83,5.195,1.055,-0.17,0.99,0,0,0,0,0,0,-34.20,-34.36,-4.30
258,4.3000,air,apex,268.756,-1.972,42.589,31.989,0.000,0.790,31.999,31.989,41.639,0.00,0.00,0.00,0.00,0.000,0,,1,301.98,15.30,40.89,264.555,-2.428,45.620,9.38,-31.08,67.80,5.200,1.054,-0.17,0.99,0,0,0,0,0,0,-34.22,-34.36,-4.32
259,4.3167,air,apex,269.289,-1.972,42.599,31.989,0.000,0.570,31.994,31.989,41.649,0.00,0.00,0.00,0.00,0.000,0,,1,301.98,15.30,40.89,265.087,-2.420,45.637,9.28,-31.07,67.76,5.205,1.053,-0.17,0.99,0,0,0,0,0,0,-34.24,-34.37,-4.33
260,4.3333,air,apex,269.823,-1.972,42.606,31.989,0.000,0.350,31.991,31.989,41.656,0.00,0.00,0.00,0.00,0.000,0,,1,301.98,15.30,40.89,265.618,-2.413,45.650,9.17,-31.05,67.72,5.210,1.053,-0.17,0.99,0,0,0,0,0,0,-34.25,-34.37,-4.35
261,4.3500,air,apex,270.356,-1.972,42.609,31.989,0.000,0.130,31.990,31.989,41.659,0.00,0.00,0.00,0.00,0.000,0,,1,301.98,15.30,40.89,266.149,-2.405,45.660,9.06,-31.04,67.69,5.214,1.052,-0.17,0.99,0,0,0,0,0,0,-34.26,-34.37,-4.37
262,4.3667,air,apex,270.889,-1.972,42.609,31.989,0.000,-0.090,31.989,31.989,41.659,0.00,0.00,0.00,0.00,0.000,0,,1,301.98,15.30,40.89,266.681,-2.397,45.665,8.94,-31.03,67.66,5.218,1.051,-0.17,0.99,0,0,0,0,0,0,-34.28,-34.37,-4.38
263,4.3833,air,apex,271.422,-1.972,42.604,31.989,0.000,-0.310,31.991,31.989,41.654,0.00,0.00,0.00,0.00,0.000,0,,1,301.98,15.30,40.89,267.212,-2.389,45.667,8.82,-31.02,67.63,5.223,1.051,-0.16,0.99,0,0,0,0,0,0,-34.29,-34.37,-4.40
264,4.4000,air,dive,271.922,-1.972,42.592,30.000,0.000,-0.930,30.014,30.000,41.642,0.00,0.00,0.00,0.00,0.000,0,,1,301.98,15.30,40.89,267.711,-2.380,45.661,8.70,-31.01,67.60,5.227,1.052,-0.16,0.99,0,0,0,0,1,0,-34.30,-34.37,-4.42
265,4.4167,air,dive,272.422,-1.972,42.568,30.000,0.000,-1.550,30.040,30.000,41.618,0.00,0.00,0.00,0.00,0.000,0,,1,301.98,15.30,40.89,268.209,-2.372,45.648,8.58,-31.00,67.59,5.234,1.058,-0.16,0.99,0,0,0,0,1,0,-34.31,-34.38,-4.43
266,4.4333,air,dive,272.922,-1.972,42.535,30.000,0.000,-2.170,30.078,30.000,41.585,0.00,0.00,0.00,0.00,0.000,0,,1,301.98,15.30,40.89,268.710,-2.363,45.627,8.45,-30.99,67.60,5.240,1.067,-0.16,0.99,0,0,0,0,1,0,-34.32,-34.39,-4.45
267,4.4500,air,dive,273.422,-1.972,42.491,30.000,0.000,-2.790,30.129,30.000,41.541,0.00,0.00,0.00,0.00,0.000,0,,1,301.98,15.30,40.89,269.212,-2.354,45.596,8.32,-30.98,67.62,5.245,1.079,-0.16,0.99,0,0,0,0,1,0,-34.33,-34.41,-4.47
268,4.4667,air,dive,273.922,-1.972,42.437,30.000,0.000,-3.410,30.193,30.000,41.487,0.00,0.00,0.00,0.00,0.000,0,,1,301.98,15.30,40.89,269.715,-2.344,45.557,8.19,-30.98,67.65,5.251,1.093,-0.16,0.99,0,0,0,0,1,0,-34.34,-34.43,-4.48
269,4.4833,air,dive,274.422,-1.972,42.372,30.000,0.000,-4.030,30.269,30.000,41.422,0.00,0.00,0.00,0.00,0.000,0,,1,301.98,15.30,40.89,270.219,-2.335,45.509,8.06,-30.98,67.69,5.257,1.108,-0.15,0.99,0,0,0,0,1,0,-34.35,-34.45,-4.50
270,4.5000,air,dive,274.922,-1.972,42.297,30.000,0.000,-4.650,30.358,30.000,41.347,0.00,0.00,0.00,0.00,0.000,0,,1,301.98,15.30,40.89,270.724,-2.325,45.452,7.92,-30.98,67.74,5.263,1.125,-0.15,0.99,0,0,0,0,1,0,-34.36,-34.47,-4.52
271,4.5167,air,dive,275.422,-1.972,42.212,30.000,0.000,-5.270,30.459,30.000,41.262,0.00,0.00,0.00,0.00,0.000,0,,1,301.98,15.30,40.89,271.230,-2.315,45.385,7.79,-30.98,67.79,5.269,1.143,-0.15,0.99,0,0,0,0,1,0,-34.37,-34.49,-4.53
272,4.5333,air,dive,275.922,-1.972,42.116,30.000,0.000,-5.890,30.573,30.000,41.166,0.00,0.00,0.00,0.00,0.000,0,,1,301.98,15.30,40.89,271.736,-2.305,45.309,7.65,-30.99,67.85,5.275,1.162,-0.15,0.99,0,0,0,0,1,0,-34.39,-34.52,-4.55
273,4.5500,air,dive,276.422,-1.972,42.010,30.000,0.000,-6.510,30.698,30.000,41.060,0.00,0.00,0.00,0.00,0.000,0,,1,301.98,15.30,40.89,272.243,-2.295,45.224,7.52,-31.00,67.92,5.282,1.181,-0.15,0.99,0,0,0,0,1,0,-34.40,-34.54,-4.57
274,4.5667,air,dive,276.922,-1.972,41.894,30.000,0.000,-7.130,30.836,30.000,40.944,0.00,0.00,0.00,0.00,0.000,0,,1,301.98,15.30,40.89,272.750,-2.285,45.129,7.38,-31.01,67.99,5.289,1.200,-0.14,0.99,0,0,0,0,1,0,-34.42,-34.57,-4.58
275,4.5833,air,dive,277.422,-1.972,41.767,30.000,0.000,-7.750,30.985,30.000,40.817,0.00,0.00,0.00,0.00,0.000,0,,1,301.98,15.30,40.89,273.258,-2.275,45.024,7.24,-31.02,68.07,5.295,1.219,-0.14,0.99,0,0,0,0,1,0,-34.43,-34.60,-4.60
276,4.6000,air,dive,277.922,-1.972,41.631,30.000,0.000,-8.370,31.146,30.000,40.681,0.00,0.00,0.00,0.00,0.000,0,,1,301.98,15.30,40.89,273.766,-2.265,44.910,7.11,-31.03,68.15,5.302,1.239,-0.14,0.99,0,0,0,0,1,0,-34.45,-34.62,-4.62
277,4.6167,air,dive,278.422,-1.972,41.483,30.000,0.000,-8.990,31.318,30.000,40.533,0.00,0.00,0.00,0.00,0.000,0,,1,301.98,15.30,40.89,274.274,-2.255,44.785,6.97,-31.05,68.24,5.309,1.258,-0.14,0.99,0,0,0,0,1,0,-34.47,-34.65,-4.63
278,4.6333,air,dive,278.922,-1.972,41.326,30.000,0.000,-9.610,31.502,30.000,40.376,0.00,0.00,0.00,0.00,0.000,0,,1,301.98,15.30,40.89,274.782,-2.245,44.651,6.84,-31.06,68.32,5.317,1.278,-0.13,0.99,0,0,0,0,1,0,-34.48,-34.68,-4.65
279,4.6500,air,dive,279.422,-1.972,41.158,30.000,0.000,-10.230,31.696,30.000,40.208,0.00,0.00,0.00,0.00,0.000,0,,1,320.03,-15.30,36.49,275.291,-2.235,44.506,6.70,-31.08,68.41,5.324,1.297,-0.13,0.99,0,0,0,0,1,0,-34.50,-34.71,-4.67
280,4.6667,air,dive,279.922,-1.972,40.980,30.000,0.000,-10.850,31.902,30.000,40.030,0.00,0.00,0.00,0.00,0.000,0,,1,320.03,-15.30,36.49,275.800,-2.225,44.351,6.57,-31.10,68.51,5.331,1.316,-0.13,0.99,0,0,0,0,1,0,-34.52,-34.74,-4.68
281,4.6833,air,dive,280.422,-1.972,40.791,30.000,0.000,-11.470,32.118,30.000,39.841,0.00,0.00,0.00,0.00,0.000,0,,1,320.03,-15.30,36.49,276.309,-2.215,44.186,6.44,-31.12,68.60,5.339,1.334,-0.13,0.99,0,0,0,0,1,0,-34.54,-34.76,-4.70
282,4.7000,air,dive,280.922,-1.972,40.592,30.000,0.000,-12.090,32.345,30.000,39.642,0.00,0.00,0.00,0.00,0.000,0,,1,320.03,-15.30,36.49,276.818,-2.205,44.010,6.30,-31.14,68.70,5.346,1.352,-0.13,0.99,0,0,0,0,1,0,-34.56,-34.79,-4.72
283,4.7167,air,dive,281.422,-1.972,40.383,30.000,0.000,-12.710,32.581,30.000,39.433,0.00,0.00,0.00,0.00,0.000,0,,1,320.03,-15.30,36.49,277.327,-2.196,43.824,6.17,-31.17,68.80,5.354,1.370,-0.12,0.99,0,0,0,0,1,0,-34.57,-34.82,-4.73
284,4.7333,air,dive,281.922,-1.972,40.163,30.000,0.000,-13.330,32.828,30.000,39.213,0.00,0.00,0.00,0.00,0.000,0,,1,320.03,-15.30,36.49,277.836,-2.186,43.628,6.04,-31.19,68.90,5.362,1.388,-0.12,0.99,0,0,0,0,1,0,-34.59,-34.85,-4.75
285,4.7500,air,dive,282.422,-1.972,39.933,30.000,0.000,-13.950,33.085,30.000,38.983,0.00,0.00,0.00,0.00,0.000,0,,1,320.03,-15.30,36.49,278.345,-2.177,43.421,5.91,-31.21,69.01,5.369,1.405,-0.12,0.99,0,0,0,0,1,0,-34.61,-34.87,-4.77
286,4.7667,air,dive,282.922,-1.972,39.693,30.000,0.000,-14.570,33.351,30.000,38.743,0.00,0.00,0.00,0.00,0.000,0,,1,320.03,-15.30,36.49,278.855,-2.167,43.204,5.79,-31.24,69.11,5.377,1.421,-0.12,0.99,0,0,0,0,1,0,-34.63,-34.90,-4.78
287,4.7833,air,dive,283.422,-1.972,39.442,30.000,0.000,-15.190,33.626,30.000,38.492,0.00,0.00,0.00,0.00,0.000,0,,1,320.03,-15.30,36.49,279.364,-2.158,42.976,5.66,-31.27,69.22,5.385,1.438,-0.11,0.99,0,0,0,0,0,0,-34.65,-34.92,-4.80
288,4.8000,zip,zipFire,283.917,-1.972,39.191,29.603,0.000,-15.088,33.226,29.603,38.241,0.00,0.00,0.00,0.00,0.000,0,,1,320.03,-15.30,36.49,279.868,-2.149,42.746,5.54,-31.29,69.32,5.391,1.447,0.00,0.00,0,0,0,1,0,0,-34.67,-34.94,-4.82
289,4.8167,zip,zipFire,284.406,-1.972,38.940,29.211,0.000,-14.988,32.831,29.211,37.990,0.00,0.00,0.00,0.00,0.000,0,,0,0.00,0.00,0.00,280.364,-2.140,42.514,5.41,-31.32,69.40,5.397,1.445,0.00,0.00,0,0,0,1,0,0,-34.68,-34.93,-4.83
290,4.8333,zip,zipFire,284.888,-1.972,38.692,28.824,0.000,-14.889,32.442,28.824,37.742,0.00,0.00,0.00,0.00,0.000,0,,0,0.00,0.00,0.00,280.854,-2.131,42.280,5.29,-31.34,69.46,5.401,1.434,0.00,0.00,0,0,0,1,0,0,-34.70,-34.91,-4.85
291,4.8500,zip,zipFire,285.363,-1.972,38.445,28.442,0.000,-14.792,32.058,28.442,37.495,0.00,0.00,0.00,0.00,0.000,0,,0,0.00,0.00,0.00,281.336,-2.123,42.046,5.17,-31.36,69.50,5.405,1.417,0.00,0.00,0,0,0,1,0,0,-34.71,-34.88,-4.87
292,4.8667,zip,zipFlight,285.776,-2.000,38.273,21.336,-3.396,-5.911,22.398,21.604,37.323,0.00,0.00,0.00,0.00,0.000,0,,0,0.00,0.00,0.00,281.698,-2.171,41.957,5.05,-31.39,70.61,5.499,1.392,0.00,0.00,0,0,0,1,0,0,-34.72,-34.84,-4.88
293,4.8833,zip,zipFlight,286.245,-2.076,38.145,30.347,-4.996,-8.226,31.837,30.755,37.195,0.00,0.00,0.00,0.00,0.000,0,,0,0.00,0.00,0.00,282.172,-2.237,41.835,4.93,-31.41,71.49,5.498,1.360,0.00,0.00,0,0,0,1,0,0,-34.72,-34.81,-4.90
294,4.9000,zip,zipFlight,286.863,-2.182,37.981,39.397,-6.777,-10.360,41.296,39.976,37.031,0.00,0.00,0.00,0.00,0.000,0,,0,0.00,0.00,0.00,282.796,-2.332,41.673,4.80,-31.42,72.17,5.495,1.331,0.00,0.00,0,0,0,0,0,0,-34.72,-34.77,-4.92
295,4.9167,zip,zipFlight,287.633,-2.319,37.785,48.453,-8.787,-12.246,50.744,49.244,36.835,0.00,0.00,0.00,0.00,0.000,0,,0,0.00,0.00,0.00,283.569,-2.457,41.475,4.66,-31.43,72.69,5.492,1.305,0.00,0.00,0,0,0,0,0,0,-34.73,-34.73,-4.93
296,4.9333,zip,zipFlight,288.548,-2.493,37.562,56.756,-10.933,-13.643,59.388,57.800,36.612,0.00,0.00,0.00,0.00,0.000,0,,0,0.00,0.00,0.00,284.485,-2.618,41.250,4.51,-31.44,73.07,5.489,1.281,0.00,0.00,0,0,0,0,0,0,-34.72,-34.69,-4.95
297,4.9500,zip,zipFlight,289.501,-2.685,37.342,57.171,-11.712,-12.977,59.784,58.358,36.392,0.00,0.00,0.00,0.00,0.000,0,,0,0.00,0.00,0.00,285.435,-2.796,41.027,4.36,-31.44,73.33,5.488,1.260,0.00,0.00,0,0,0,0,0,0,-34.72,-34.66,-4.97
298,4.9667,zip,zipFlight,290.453,-2.889,37.136,57.192,-12.420,-12.211,59.785,58.525,36.186,0.00,0.00,0.00,0.00,0.000,0,,0,0.00,0.00,0.00,286.383,-2.986,40.815,4.20,-31.44,73.49,5.488,1.241,0.00,0.00,0,0,0,0,0,0,-34.71,-34.63,-4.98
299,4.9833,zip,zipFlight,291.406,-3.105,36.942,57.173,-13.122,-11.433,59.763,58.659,35.992,0.00,0.00,0.00,0.00,0.000,0,,0,0.00,0.00,0.00,287.330,-3.186,40.615,4.03,-31.43,73.57,5.487,1.224,0.00,0.00,0,0,0,0,0,0,-34.70,-34.60,-5.00
300,5.0000,zip,zipFlight,292.359,-3.332,36.761,57.145,-13.825,-10.651,59.750,58.793,35.811,0.00,0.00,0.00,0.00,0.000,0,,0,0.00,0.00,0.00,288.276,-3.397,40.427,3.86,-31.42,73.58,5.487,1.209,0.00,0.00,0,0,0,0,0,0,-34.69,-34.57,-5.02
301,5.0167,zip,zipFlight,293.311,-3.572,36.594,57.107,-14.527,-9.864,59.746,58.926,35.644,0.00,0.00,0.00,0.00,0.000,0,,0,0.00,0.00,0.00,289.220,-3.620,40.251,3.67,-31.41,73.53,5.487,1.195,0.00,0.00,0,0,0,0,0,0,-34.68,-34.55,-5.03
302,5.0333,zip,zipFlight,294.262,-3.823,36.439,57.065,-15.230,-9.076,59.756,59.062,35.489,0.00,0.00,0.00,0.00,0.000,0,,0,0.00,0.00,0.00,290.163,-3.853,40.087,3.48,-31.39,73.44,5.487,1.184,0.00,0.00,0,0,0,0,0,0,-34.67,-34.53,-5.05
303,5.0500,zip,zipFlight,295.213,-4.085,36.298,57.000,-15.927,-8.282,59.760,59.183,35.348,0.00,0.00,0.00,0.00,0.000,0,,0,0.00,0.00,0.00,291.104,-4.098,39.935,3.28,-31.38,73.32,5.487,1.173,0.00,0.00,0,0,0,0,0,0,-34.66,-34.51,-5.07
304,5.0667,zip,zipFlight,296.161,-4.359,36.170,56.911,-16.618,-7.485,59.758,59.287,35.220,0.00,0.00,0.00,0.00,0.000,0,,0,0.00,0.00,0.00,292.044,-4.353,39.796,3.08,-31.36,73.17,5.487,1.164,0.00,0.00,0,0,0,0,0,0,-34.65,-34.49,-5.08
305,5.0833,zip,zipFlight,297.109,-4.645,36.055,56.798,-17.302,-6.686,59.750,59.375,35.105,0.00,0.00,0.00,0.00,0.000,0,,0,0.00,0.00,0.00,292.981,-4.620,39.670,2.86,-31.34,73.00,5.487,1.156,0.00,0.00,0,0,0,0,0,0,-34.63,-34.48,-5.10
306,5.1000,zip,zipFlight,298.054,-4.942,35.953,56.673,-17.980,-5.886,59.747,59.456,35.003,0.00,0.00,0.00,0.00,0.000,0,,0,0.00,0.00,0.00,293.916,-4.897,39.557,2.64,-31.32,72.81,5.487,1.149,0.00,0.00,0,0,0,0,0,0,-34.62,-34.46,-5.12
307,5.1167,zip,zipFlight,298.997,-5.250,35.865,56.542,-18.654,-5.088,59.756,59.539,34.915,0.00,0.00,0.00,0.00,0.000,0,,0,0.00,0.00,0.00,294.849,-5.185,39.456,2.41,-31.29,72.63,5.487,1.143,0.00,0.00,0,0,0,0,0,0,-34.60,-34.45,-5.13
308,5.1333,zip,zipFlight,299.937,-5.569,35.790,56.402,-19.324,-4.291,59.775,59.621,34.840,0.00,0.00,0.00,0.00,0.000,0,,0,0.00,0.00,0.00,295.780,-5.483,39.369,2.17,-31.27,72.44,5.486,1.137,0.00,0.00,0,0,0,0,0,0,-34.59,-34.44,-5.15
309,5.1500,zip,zipFlight,300.875,-5.899,35.729,56.242,-19.983,-3.497,59.789,59.687,34.779,0.00,0.00,0.00,0.00,0.000,0,,0,0.00,0.00,0.00,296.707,-5.792,39.294,1.92,-31.25,72.25,5.486,1.132,0.00,0.00,0,0,0,0,0,0,-34.58,-34.43,-5.17
310,5.1667,zip,zipFlight,301.810,-6.240,35.680,56.039,-20.624,-2.703,59.775,59.714,34.730,0.00,0.00,0.00,0.00,0.000,0,,0,0.00,0.00,0.00,297.632,-6.111,39.233,1.66,-31.22,72.06,5.485,1.128,0.00,0.00,0,0,0,0,0,0,-34.56,-34.43,-5.18
311,5.1833,zip,zipFlight,302.741,-6.592,35.645,55.815,-21.252,-1.914,59.754,59.724,34.695,0.00,0.00,0.00,0.00,0.000,0,,0,0.00,0.00,0.00,298.554,-6.440,39.184,1.40,-31.20,71.89,5.484,1.124,0.00,0.00,0,0,0,0,0,0,-34.55,-34.42,-5.20
312,5.2000,zip,zipFlight,303.668,-6.954,35.623,55.570,-21.866,-1.131,59.728,59.717,34.673,0.00,0.00,0.00,0.00,0.000,0,,0,0.00,0.00,0.00,299.472,-6.779,39.149,1.13,-31.18,71.72,5.484,1.121,0.00,0.00,0,0,0,0,0,0,-34.54,-34.41,-5.22
313,5.2167,zip,zipFlight,304.592,-7.326,35.614,55.317,-22.471,-0.354,59.708,59.707,34.664,0.00,0.00,0.00,0.00,0.000,0,,0,0.00,0.00,0.00,300.386,-7.127,39.126,0.85,-31.15,71.56,5.483,1.118,0.00,0.00,0,0,0,0,0,0,-34.52,-34.41,-5.23
314,5.2333,zip,zipFlight,305.512,-7.708,35.618,55.103,-23.086,0.417,59.745,59.743,34.668,0.00,0.00,0.00,0.00,0.000,0,,0,0.00,0.00,0.00,301.298,-7.486,39.116,0.57,-31.13,71.42,5.481,1.116,0.00,0.00,0,0,0,0,0,0,-34.51,-34.40,-5.25
315,5.2500,zip,zipFlight,306.427,-8.101,35.634,54.885,-23.693,1.180,59.792,59.781,34.684,0.00,0.00,0.00,0.00,0.000,0,,0,0.00,0.00,0.00,302.205,-7.854,39.119,0.27,-31.10,71.28,5.480,1.114,0.00,0.00,0,0,0,0,0,0,-34.50,-34.40,-5.27
316,5.2667,zip,zipFlight,307.338,-8.503,35.663,54.639,-24.282,1.937,59.823,59.792,34.713,0.00,0.00,0.00,0.00,0.000,0,,0,0.00,0.00,0.00,303.108,-8.230,39.135,-0.03,-31.08,71.16,5.479,1.112,0.00,0.00,0,0,0,0,0,0,-34.49,-34.40,-5.28
317,5.2833,zip,zipFlight,308.244,-8.914,35.705,54.319,-24.831,2.682,59.785,59.725,34.755,0.00,0.00,0.00,0.00,0.000,0,,0,0.00,0.00,0.00,304.007,-8.616,39.163,-0.34,-31.06,71.05,5.477,1.110,0.00,0.00,0,0,0,0,0,0,-34.48,-34.39,-5.30
318,5.3000,zip,zipFlight,309.145,-9.334,35.759,53.982,-25.362,3.416,59.741,59.643,34.809,0.00,0.00,0.00,0.00,0.000,0,,0,0.00,0.00,0.00,304.915,-9.010,39.193,-0.65,-31.03,70.95,5.458,1.109,0.00,0.00,0,0,0,0,0,0,-34.47,-34.39,-5.32
319,5.3167,zip,zipFlight,310.041,-9.764,35.825,53.629,-25.877,4.139,59.689,59.546,34.875,0.00,0.00,0.00,0.00,0.000,0,,0,0.00,0.00,0.00,305.823,-9.413,39.233,-0.98,-31.00,70.86,5.435,1.108,0.00,0.00,0,0,0,0,0,0,-34.47,-34.39,-5.33
320,5.3333,zip,zipFlight,310.932,-10.202,35.903,53.329,-26.407,4.855,59.706,59.508,34.953,0.00,0.00,0.00,0.00,0.000,0,,0,0.00,0.00,0.00,306.724,-9.825,39.287,-1.31,-30.98,70.79,5.413,1.107,0.00,0.00,0,0,0,0,0,0,-34.46,-34.39,-5.35
321,5.3500,zip,zipFlight,311.818,-10.649,35.993,53.073,-26.951,5.567,59.784,59.524,35.043,0.00,0.00,0.00,0.00,0.000,0,,0,0.00,0.00,0.00,307.619,-10.245,39.354,-1.65,-30.95,70.72,5.394,1.106,0.00,0.00,0,0,0,0,0,0,-34.45,-34.39,-5.37
322,5.3667,zip,zipCatch,312.697,-11.104,36.094,52.692,-27.422,6.255,59.728,59.400,35.144,0.00,0.00,0.00,0.00,0.000,0,,0,0.00,0.00,0.00,308.506,-10.673,39.433,-1.99,-30.92,70.67,5.376,1.105,0.00,0.00,0,0,0,0,0,0,-34.44,-34.39,-5.38
323,5.3833,zip,zipCatch,313.537,-11.549,36.202,49.645,-26.445,6.560,56.630,56.249,35.252,0.00,0.00,0.00,0.00,0.000,0,,0,0.00,0.00,0.00,309.354,-11.090,39.520,-2.34,-30.90,70.62,5.359,1.104,0.00,0.00,0,0,0,0,0,0,-34.44,-34.38,-5.40
324,5.4000,zip,zipCatch,314.324,-11.975,36.314,46.365,-25.233,6.713,53.211,52.786,35.364,0.00,0.00,0.00,0.00,0.000,0,,0,0.00,0.00,0.00,310.147,-11.488,39.612,-2.70,-30.88,70.58,5.345,1.104,0.00,0.00,0,0,0,0,0,0,-34.43,-34.38,-5.42
325,5.4167,zip,zipCatch,315.058,-12.381,36.427,43.236,-23.998,6.772,49.911,49.449,35.477,0.00,0.00,0.00,0.00,0.000,0,,0,0.00,0.00,0.00,310.887,-11.866,39.706,-3.06,-30.85,70.55,5.332,1.103,0.00,0.00,0,0,0,0,0,0,-34.43,-34.38,-5.43
326,5.4333,zip,zipCatch,315.741,-12.764,36.539,40.200,-22.718,6.741,46.665,46.175,35.589,0.00,0.00,0.00,0.00,0.000,0,,0,0.00,0.00,0.00,311.574,-12.221,39.801,-3.43,-30.83,70.53,5.320,1.103,0.00,0.00,0,0,0,0,0,0,-34.42,-34.38,-5.45
327,5.4500,zip,zipCatch,316.371,-13.125,36.650,37.028,-21.273,6.590,43.210,42.704,35.700,0.00,0.00,0.00,0.00,0.000,0,,0,0.00,0.00,0.00,312.209,-12.553,39.895,-3.81,-30.81,70.51,5.309,1.102,0.00,0.00,0,0,0,0,0,0,-34.42,-34.38,-5.47
328,5.4667,zip,zipCatch,316.952,-13.463,36.757,34.143,-19.912,6.401,40.040,39.525,35.807,0.00,0.00,0.00,0.00,0.000,0,,0,0.00,0.00,0.00,312.795,-12.863,39.987,-4.19,-30.79,70.50,5.299,1.102,0.00,0.00,0,0,0,0,0,0,-34.41,-34.38,-5.48
329,5.4833,zip,zipCatch,317.481,-13.774,36.860,31.042,-18.350,6.090,36.571,36.060,35.910,0.00,0.00,0.00,0.00,0.000,0,,0,0.00,0.00,0.00,313.329,-13.146,40.076,-4.57,-30.77,70.49,5.290,1.102,0.00,0.00,0,0,0,0,0,0,-34.41,-34.38,-5.50
330,5.5000,zip,zipCatch,317.963,-14.062,36.957,28.192,-16.870,5.755,33.355,32.854,36.007,0.00,0.00,0.00,0.00,0.000,0,,0,0.00,0.00,0.00,313.814,-13.405,40.160,-4.96,-30.74,70.48,5.283,1.101,0.00,0.00,0,0,0,0,0,0,-34.41,-34.38,-5.52
331,5.5167,zip,zipCatch,318.394,-14.322,37.048,25.162,-15.221,5.317,29.884,29.407,36.098,0.00,0.00,0.00,0.00,0.000,0,,0,0.00,0.00,0.00,314.248,-13.638,40.240,-5.35,-30.73,70.47,5.278,1.099,0.00,0.00,0,0,0,0,0,0,-34.40,-34.38,-5.53
332,5.5333,zip,zipCatch,318.778,-14.556,37.131,22.346,-13.648,4.865,26.632,26.184,36.181,0.00,0.00,0.00,0.00,0.000,0,,0,0.00,0.00,0.00,314.636,-13.844,40.312,-5.75,-30.71,70.44,5.272,1.093,0.00,0.00,0,0,0,0,0,0,-34.40,-34.38,-5.55
333,5.5500,zip,zipCatch,319.115,-14.763,37.205,19.484,-12.001,4.352,23.293,22.883,36.255,0.00,0.00,0.00,0.00,0.000,0,,0,0.00,0.00,0.00,314.977,-14.024,40.378,-6.14,-30.70,70.38,5.266,1.081,0.00,0.00,0,0,0,0,0,0,-34.40,-34.38,-5.57
334,5.5667,zip,zipCatch,319.404,-14.942,37.271,16.601,-10.299,3.789,19.900,19.536,36.321,0.00,0.00,0.00,0.00,0.000,0,,0,0.00,0.00,0.00,315.272,-14.176,40.434,-6.53,-30.70,70.29,5.260,1.060,0.00,0.00,0,0,0,0,0,0,-34.40,-34.38,-5.58
335,5.5833,zip,zipCatch,319.645,-15.092,37.327,13.819,-8.625,3.211,16.603,16.290,36.377,0.00,0.00,0.00,0.00,0.000,0,,0,0.00,0.00,0.00,315.522,-14.301,40.482,-6.92,-30.70,70.16,5.252,1.030,0.00,0.00,0,0,0,0,0,0,-34.40,-34.38,-5.60
336,5.6000,zip,zipCatch,319.841,-15.215,37.437,11.041,-6.925,2.603,13.291,13.033,36.487,0.00,0.00,0.00,0.00,0.000,0,,0,0.00,0.00,0.00,317.595,-14.841,39.546,-8.28,-30.32,70.00,3.104,0.990,0.00,0.00,0,0,0,0,0,0,-34.39,-34.38,2.00
337,5.6167,zip,zipCatch,319.990,-15.309,37.408,8.265,-5.204,1.970,9.964,9.767,36.458,0.00,0.00,0.00,0.00,0.000,0,,0,0.00,0.00,0.00,318.488,-14.942,39.016,-11.97,-30.02,69.81,2.231,0.940,0.00,0.00,0,0,0,0,0,0,-34.39,-34.38,1.98
338,5.6333,zip,zipCatch,320.093,-15.374,37.433,5.492,-3.467,1.319,6.627,6.495,36.483,0.00,0.00,0.00,0.00,0.000,0,,0,0.00,0.00,0.00,319.035,-15.032,38.738,-15.36,-29.84,69.60,1.715,0.883,0.00,0.00,0,0,0,0,0,0,-34.39,-34.38,1.97
339,5.6500,perch,perchLand,320.136,-15.385,37.437,0.000,0.000,0.000,0.000,0.000,36.487,0.00,0.00,0.00,0.00,0.000,0,,0,0.00,0.00,0.00,319.395,-14.952,38.561,-19.17,-29.77,69.33,1.414,0.821,0.00,0.00,0,0,0,0,0,0,-34.39,-34.38,1.95
340,5.6667,perch,perchLand,320.136,-15.385,37.437,0.000,0.000,0.000,0.000,0.000,36.487,0.00,0.00,0.00,0.00,0.000,0,,1,323.76,-15.30,36.49,319.593,-14.927,38.453,-28.94,-29.80,69.06,1.240,0.758,0.00,0.00,0,0,0,0,0,0,-34.39,-34.38,1.93
341,5.6833,perch,perchLand,320.136,-15.385,37.437,0.000,0.000,0.000,0.000,0.000,36.487,0.00,0.00,0.00,0.00,0.000,0,,1,323.76,-15.30,36.49,319.687,-14.895,38.400,-36.96,-29.95,68.78,1.170,0.694,0.00,0.00,0,0,0,0,0,0,-34.39,-34.38,1.92
342,5.7000,perch,perchLand,320.136,-15.385,37.437,0.000,0.000,0.000,0.000,0.000,36.487,0.00,0.00,0.00,0.00,0.000,0,,1,323.76,-15.30,36.49,319.742,-14.869,38.373,-43.60,-30.16,68.49,1.139,0.633,0.00,0.00,0,0,0,0,0,0,-34.39,-34.38,1.90
343,5.7167,perch,perchLand,320.136,-15.385,37.437,0.000,0.000,0.000,0.000,0.000,36.487,0.00,0.00,0.00,0.00,0.000,0,,1,305.97,15.30,40.89,319.775,-14.845,38.363,-49.13,-30.41,68.20,1.131,0.573,0.00,0.00,0,0,0,0,0,0,-34.39,-34.38,1.88
344,5.7333,perch,perchLand,320.136,-15.385,37.437,0.000,0.000,0.000,0.000,0.000,36.487,0.00,0.00,0.00,0.00,0.000,0,,1,305.97,15.30,40.89,319.965,-14.777,38.364,-54.67,-30.82,67.91,1.121,0.518,0.00,0.00,0,0,0,0,0,0,-34.39,-34.38,2.00
345,5.7500,perch,perchLand,320.136,-15.385,37.437,0.000,0.000,0.000,0.000,0.000,36.487,0.00,0.00,0.00,0.00,0.000,0,,1,305.97,15.30,40.89,320.112,-14.790,38.399,-77.89,-32.15,67.61,1.131,0.465,0.00,0.00,0,0,0,0,0,0,-34.39,-34.38,1.98
346,5.7667,perch,perchLand,320.136,-15.385,37.437,0.000,0.000,0.000,0.000,0.000,36.487,0.00,0.00,0.00,0.00,0.000,0,,1,305.97,15.30,40.89,320.233,-14.873,38.436,-98.00,-33.63,67.31,1.126,0.417,0.00,0.00,0,0,0,0,0,0,-34.39,-34.38,1.97
347,5.7833,perch,perchLand,320.136,-15.385,37.437,0.000,0.000,0.000,0.000,0.000,36.487,0.00,0.00,0.00,0.00,0.000,0,,1,305.97,15.30,40.89,320.362,-14.997,38.452,-115.49,-34.97,67.01,1.110,0.373,0.00,0.00,0,0,0,0,0,0,-34.39,-34.38,1.95
348,5.8000,perch,perchLand,320.136,-15.385,37.437,0.000,0.000,0.000,0.000,0.000,36.487,0.00,0.00,0.00,0.00,0.000,0,,1,305.97,15.30,40.89,320.473,-15.108,38.474,-130.54,-36.10,66.72,1.125,0.332,0.00,0.00,0,0,0,0,0,0,-34.39,-34.38,1.93
349,5.8167,perch,perchLand,320.136,-15.385,37.437,0.000,0.000,0.000,0.000,0.000,36.487,0.00,0.00,0.00,0.00,0.000,0,,1,305.97,15.30,40.89,320.565,-15.208,38.507,-143.58,-36.88,66.42,1.166,0.295,0.00,0.00,0,0,0,0,0,0,-34.39,-34.38,1.92
350,5.8333,perch,perchLand,320.136,-15.385,37.437,0.000,0.000,0.000,0.000,0.000,36.487,0.00,0.00,0.00,0.00,0.000,0,,1,305.97,15.30,40.89,320.647,-15.302,38.547,-154.69,-37.38,66.13,1.225,0.262,0.00,0.00,0,0,0,0,0,0,-34.39,-34.38,1.90
351,5.8500,perch,perchLand,320.136,-15.385,37.437,0.000,0.000,0.000,0.000,0.000,36.487,0.00,0.00,0.00,0.00,0.000,0,,1,305.97,15.30,40.89,320.724,-15.393,38.593,-164.10,-37.65,65.84,1.297,0.231,0.00,0.00,0,0,0,0,0,0,-34.39,-34.38,1.88
352,5.8667,perch,perchLand,320.136,-15.385,37.437,0.000,0.000,0.000,0.000,0.000,36.487,0.00,0.00,0.00,0.00,0.000,0,,1,305.97,15.30,40.89,320.797,-15.481,38.642,-172.03,-37.77,65.55,1.378,0.204,0.00,0.00,0,0,0,0,0,0,-34.39,-34.38,1.87
353,5.8833,perch,perchLand,320.136,-15.385,37.437,0.000,0.000,0.000,0.000,0.000,36.487,0.00,0.00,0.00,0.00,0.000,0,,1,305.97,15.30,40.89,320.867,-15.568,38.695,-178.71,-37.77,65.27,1.467,0.180,0.00,0.00,0,0,0,0,0,0,-34.39,-34.38,1.85
354,5.9000,perch,perchLand,320.136,-15.385,37.437,0.000,0.000,0.000,0.000,0.000,36.487,0.00,0.00,0.00,0.00,0.000,0,,1,305.97,15.30,40.89,320.935,-15.654,38.751,175.66,-37.70,65.00,1.561,0.159,0.00,0.00,0,0,0,0,0,0,-34.39,-34.38,1.83
355,5.9167,perch,perchLand,320.136,-15.385,37.437,0.000,0.000,0.000,0.000,0.000,36.487,0.00,0.00,0.00,0.00,0.000,0,,1,305.97,15.30,40.89,321.001,-15.739,38.808,170.91,-37.59,64.72,1.659,0.139,0.00,0.00,0,0,0,0,0,0,-34.39,-34.38,1.82
356,5.9333,perch,perchLand,320.136,-15.385,37.437,0.000,0.000,0.000,0.000,0.000,36.487,0.00,0.00,0.00,0.00,0.000,0,,1,305.97,15.30,40.89,321.064,-15.823,38.867,166.88,-37.45,64.46,1.760,0.122,0.00,0.00,0,0,0,0,0,0,-34.39,-34.38,1.80
357,5.9500,perch,perchLand,320.136,-15.385,37.437,0.000,0.000,0.000,0.000,0.000,36.487,0.00,0.00,0.00,0.00,0.000,0,,1,305.97,15.30,40.89,321.091,-15.972,38.923,158.67,-37.32,64.20,1.862,0.107,0.00,0.00,0,0,0,0,0,0,-34.39,-34.38,1.78
358,5.9667,perch,perchLand,320.136,-15.385,37.437,0.000,0.000,0.000,0.000,0.000,36.487,0.00,0.00,0.00,0.00,0.000,0,,1,305.97,15.30,40.89,321.112,-16.108,38.981,152.15,-37.14,63.94,1.965,0.094,0.00,0.00,0,0,0,0,0,0,-34.39,-34.38,1.77
359,5.9833,perch,perchLand,320.136,-15.385,37.437,0.000,0.000,0.000,0.000,0.000,36.487,0.00,0.00,0.00,0.00,0.000,0,,1,305.97,15.30,40.89,321.132,-16.232,39.039,147.00,-36.95,63.70,2.068,0.082,0.00,0.00,0,0,0,0,0,0,-34.39,-34.38,1.75
360,6.0000,perch,perchLand,320.136,-15.385,37.437,0.000,0.000,0.000,0.000,0.000,36.487,0.00,0.00,0.00,0.00,0.000,0,,1,305.97,15.30,40.89,321.153,-16.346,39.097,142.94,-36.77,63.46,2.171,0.072,0.00,0.00,0,0,0,0,0,0,-34.39,-34.38,1.73
361,6.0167,perch,perchLand,320.136,-15.385,37.437,0.000,0.000,0.000,0.000,0.000,36.487,0.00,0.00,0.00,0.00,0.000,0,,1,305.97,15.30,40.89,321.175,-16.450,39.155,139.75,-36.60,63.23,2.273,0.063,0.00,0.00,0,0,0,0,0,0,-34.39,-34.38,1.72
362,6.0333,perch,perchLand,320.136,-15.385,37.437,0.000,0.000,0.000,0.000,0.000,36.487,0.00,0.00,0.00,0.00,0.000,0,,1,305.97,15.30,40.89,321.200,-16.547,39.212,137.28,-36.44,63.00,2.373,0.055,0.00,0.00,0,0,0,0,0,0,-34.39,-34.38,1.70
363,6.0500,perch,perchLand,320.136,-15.385,37.437,0.000,0.000,0.000,0.000,0.000,36.487,0.00,0.00,0.00,0.00,0.000,0,,1,305.97,15.30,40.89,321.227,-16.637,39.268,135.36,-36.30,62.78,2.472,0.048,0.00,0.00,0,0,0,0,0,0,-34.39,-34.38,1.68
364,6.0667,perch,perchLand,320.136,-15.385,37.437,0.000,0.000,0.000,0.000,0.000,36.487,0.00,0.00,0.00,0.00,0.000,0,,1,305.97,15.30,40.89,321.258,-16.720,39.323,133.91,-36.17,62.57,2.569,0.042,0.00,0.00,0,0,0,0,0,0,-34.39,-34.38,1.67
365,6.0833,perch,perchLand,320.136,-15.385,37.437,0.000,0.000,0.000,0.000,0.000,36.487,0.00,0.00,0.00,0.00,0.000,0,,1,305.97,15.30,40.89,321.287,-16.801,39.377,132.84,-36.05,62.37,2.664,0.036,0.00,0.00,0,0,0,0,0,0,-34.39,-34.38,1.65
366,6.1000,perch,perchLand,320.136,-15.385,37.437,0.000,0.000,0.000,0.000,0.000,36.487,0.00,0.00,0.00,0.00,0.000,0,,1,305.97,15.30,40.89,321.314,-16.880,39.430,131.85,-35.94,62.17,2.756,0.031,0.00,0.00,0,0,0,0,0,0,-34.39,-34.38,1.63
367,6.1167,perch,perchLand,320.136,-15.385,37.437,0.000,0.000,0.000,0.000,0.000,36.487,0.00,0.00,0.00,0.00,0.000,0,,1,305.97,15.30,40.89,321.339,-16.958,39.482,130.95,-35.83,61.98,2.846,0.027,0.00,0.00,0,0,0,0,0,0,-34.39,-34.38,1.62
368,6.1333,perch,perchLand,320.136,-15.385,37.437,0.000,0.000,0.000,0.000,0.000,36.487,0.00,0.00,0.00,0.00,0.000,0,,1,305.97,15.30,40.89,321.362,-17.033,39.531,130.13,-35.74,61.80,2.934,0.024,0.00,0.00,0,0,0,0,0,0,-34.39,-34.38,1.60
369,6.1500,perch,perchIdle,320.136,-15.385,37.437,0.000,0.000,0.000,0.000,0.000,36.487,0.00,0.00,0.00,0.00,0.000,0,,1,305.97,15.30,40.89,321.384,-17.106,39.580,129.37,-35.65,61.62,3.018,0.021,0.00,0.00,0,0,0,0,0,0,-34.39,-34.38,1.58
370,6.1667,perch,perchIdle,320.136,-15.385,37.437,0.000,0.000,0.000,0.000,0.000,36.487,0.00,0.00,0.00,0.00,0.000,0,,1,305.97,15.30,40.89,321.404,-17.176,39.626,128.67,-35.57,61.46,3.100,0.018,0.00,0.00,0,0,0,0,0,0,-34.39,-34.38,1.57
371,6.1833,perch,perchIdle,320.136,-15.385,37.437,0.000,0.000,0.000,0.000,0.000,36.487,0.00,0.00,0.00,0.00,0.000,0,,1,305.97,15.30,40.89,321.423,-17.244,39.672,128.03,-35.49,61.29,3.179,0.015,0.00,0.00,0,0,0,0,0,0,-34.38,-34.38,1.55
372,6.2000,perch,perchIdle,320.136,-15.385,37.437,0.000,0.000,0.000,0.000,0.000,36.487,0.00,0.00,0.00,0.00,0.000,0,,1,305.97,15.30,40.89,321.440,-17.309,39.715,127.45,-35.42,61.14,3.255,0.013,0.00,0.00,0,0,0,0,0,0,-34.38,-34.38,1.53
373,6.2167,perch,perchIdle,320.136,-15.385,37.437,0.000,0.000,0.000,0.000,0.000,36.487,0.00,0.00,0.00,0.00,0.000,0,,1,305.97,15.30,40.89,321.456,-17.372,39.757,126.91,-35.35,60.99,3.328,0.012,0.00,0.00,0,0,0,0,0,0,-34.38,-34.38,1.52
374,6.2333,perch,perchIdle,320.136,-15.385,37.437,0.000,0.000,0.000,0.000,0.000,36.487,0.00,0.00,0.00,0.00,0.000,0,,1,305.97,15.30,40.89,321.471,-17.433,39.797,126.42,-35.29,60.85,3.398,0.010,0.00,0.00,0,0,0,0,0,0,-34.38,-34.38,1.50
375,6.2500,perch,perchIdle,320.136,-15.385,37.437,0.000,0.000,0.000,0.000,0.000,36.487,0.00,0.00,0.00,0.00,0.000,0,,1,305.97,15.30,40.89,321.485,-17.491,39.836,125.96,-35.23,60.71,3.465,0.009,0.00,0.00,0,0,0,0,0,0,-34.38,-34.38,1.48
376,6.2667,perch,perchIdle,320.136,-15.385,37.437,0.000,0.000,0.000,0.000,0.000,36.487,0.00,0.00,0.00,0.00,0.000,0,,1,305.97,15.30,40.89,321.499,-17.546,39.873,125.54,-35.18,60.58,3.530,0.008,0.00,0.00,0,0,0,0,0,0,-34.38,-34.38,1.47
377,6.2833,perch,perchIdle,320.136,-15.385,37.437,0.000,0.000,0.000,0.000,0.000,36.487,0.00,0.00,0.00,0.00,0.000,0,,1,305.97,15.30,40.89,321.511,-17.599,39.908,125.16,-35.13,60.45,3.592,0.006,0.00,0.00,0,0,0,0,0,0,-34.38,-34.38,1.45
378,6.3000,perch,perchIdle,320.136,-15.385,37.437,0.000,0.000,0.000,0.000,0.000,36.487,0.00,0.00,0.00,0.00,0.000,0,,1,305.97,15.30,40.89,321.523,-17.650,39.942,124.81,-35.08,60.33,3.651,0.006,0.00,0.00,0,0,0,0,0,0,-34.38,-34.38,1.43
379,6.3167,perch,perchIdle,320.136,-15.385,37.437,0.000,0.000,0.000,0.000,0.000,36.487,0.00,0.00,0.00,0.00,0.000,0,,1,305.97,15.30,40.89,321.534,-17.698,39.975,124.49,-35.04,60.22,3.708,0.005,0.00,0.00,0,0,0,0,0,0,-34.38,-34.38,1.42
380,6.3333,perch,perchIdle,320.136,-15.385,37.437,0.000,0.000,0.000,0.000,0.000,36.487,0.00,0.00,0.00,0.00,0.000,0,,1,305.97,15.30,40.89,321.544,-17.745,40.006,124.19,-34.99,60.11,3.762,0.004,0.00,0.00,0,0,0,0,0,0,-34.38,-34.38,1.40
381,6.3500,perch,perchIdle,320.136,-15.385,37.437,0.000,0.000,0.000,0.000,0.000,36.487,0.00,0.00,0.00,0.00,0.000,0,,1,305.97,15.30,40.89,321.554,-17.788,40.035,123.92,-34.96,60.00,3.813,0.004,0.00,0.00,0,0,0,0,0,0,-34.38,-34.38,1.38
382,6.3667,perch,perchIdle,320.136,-15.385,37.437,0.000,0.000,0.000,0.000,0.000,36.487,0.00,0.00,0.00,0.00,0.000,0,,1,305.97,15.30,40.89,321.564,-17.830,40.063,123.67,-34.92,59.90,3.862,0.003,0.00,0.00,0,0,0,0,0,0,-34.38,-34.38,1.37
383,6.3833,perch,perchIdle,320.136,-15.385,37.437,0.000,0.000,0.000,0.000,0.000,36.487,0.00,0.00,0.00,0.00,0.000,0,,1,305.97,15.30,40.89,321.573,-17.870,40.090,123.44,-34.89,59.81,3.909,0.003,0.00,0.00,0,0,0,0,0,0,-34.38,-34.38,1.35
384,6.4000,perch,perchIdle,320.136,-15.385,37.437,0.000,0.000,0.000,0.000,0.000,36.487,0.00,0.00,0.00,0.00,0.000,0,,1,305.97,15.30,40.89,321.582,-17.908,40.116,123.23,-34.86,59.72,3.954,0.002,0.00,0.00,0,0,0,0,0,0,-34.38,-34.38,1.33
385,6.4167,perch,perchIdle,320.136,-15.385,37.437,0.000,0.000,0.000,0.000,0.000,36.487,0.00,0.00,0.00,0.00,0.000,0,,1,305.97,15.30,40.89,321.590,-17.944,40.140,123.04,-34.83,59.63,3.996,0.002,0.00,0.00,0,0,0,0,0,0,-34.38,-34.38,1.32
386,6.4333,perch,perchIdle,320.136,-15.385,37.437,0.000,0.000,0.000,0.000,0.000,36.487,0.00,0.00,0.00,0.00,0.000,0,,1,305.97,15.30,40.89,321.598,-17.978,40.163,122.86,-34.80,59.55,4.036,0.002,0.00,0.00,0,0,0,0,0,0,-34.38,-34.38,1.30
387,6.4500,perch,perchIdle,320.136,-15.385,37.437,0.000,0.000,0.000,0.000,0.000,36.487,0.00,0.00,0.00,0.00,0.000,0,,1,305.97,15.30,40.89,321.605,-18.010,40.185,122.70,-34.77,59.47,4.074,0.001,0.00,0.00,0,0,0,0,0,0,-34.38,-34.38,1.28
388,6.4667,perch,perchIdle,320.136,-15.385,37.437,0.000,0.000,0.000,0.000,0.000,36.487,0.00,0.00,0.00,0.00,0.000,0,,1,305.97,15.30,40.89,321.613,-18.040,40.206,122.55,-34.75,59.39,4.111,0.001,0.00,0.00,0,0,0,0,0,0,-34.38,-34.38,1.27
389,6.4833,perch,perchIdle,320.136,-15.385,37.437,0.000,0.000,0.000,0.000,0.000,36.487,0.00,0.00,0.00,0.00,0.000,0,,1,305.97,15.30,40.89,321.619,-18.069,40.226,122.41,-34.73,59.32,4.145,0.001,0.00,0.00,0,0,0,0,0,0,-34.38,-34.38,1.25
390,6.5000,perch,perchIdle,320.136,-15.385,37.437,0.000,0.000,0.000,0.000,0.000,36.487,0.00,0.00,0.00,0.00,0.000,0,,1,305.97,15.30,40.89,321.626,-18.097,40.244,122.29,-34.71,59.25,4.178,0.001,0.00,0.00,0,0,0,0,0,0,-34.38,-34.38,1.23
391,6.5167,perch,perchIdle,320.136,-15.385,37.437,0.000,0.000,0.000,0.000,0.000,36.487,0.00,0.00,0.00,0.00,0.000,0,,1,305.97,15.30,40.89,321.632,-18.123,40.262,122.17,-34.69,59.19,4.209,0.001,0.00,0.00,0,0,0,0,0,0,-34.38,-34.38,1.22
392,6.5333,perch,perchIdle,320.136,-15.385,37.437,0.000,0.000,0.000,0.000,0.000,36.487,0.00,0.00,0.00,0.00,0.000,0,,1,305.97,15.30,40.89,321.638,-18.147,40.279,122.07,-34.67,59.13,4.239,0.001,0.00,0.00,0,0,0,0,0,0,-34.38,-34.38,1.20
393,6.5500,perch,perchIdle,320.136,-15.385,37.437,0.000,0.000,0.000,0.000,0.000,36.487,0.00,0.00,0.00,0.00,0.000,0,,1,305.97,15.30,40.89,321.644,-18.170,40.295,121.97,-34.65,59.07,4.266,0.001,0.00,0.00,0,0,0,0,0,0,-34.38,-34.38,1.18
394,6.5667,perch,perchIdle,320.136,-15.385,37.437,0.000,0.000,0.000,0.000,0.000,36.487,0.00,0.00,0.00,0.00,0.000,0,,1,305.97,15.30,40.89,321.650,-18.192,40.310,121.88,-34.63,59.01,4.293,0.001,0.00,0.00,0,0,0,0,0,0,-34.38,-34.38,1.17
395,6.5833,perch,perchIdle,320.136,-15.385,37.437,0.000,0.000,0.000,0.000,0.000,36.487,0.00,0.00,0.00,0.00,0.000,0,,1,305.97,15.30,40.89,321.660,-18.210,40.324,121.90,-34.62,58.96,4.318,0.000,0.00,0.00,0,0,0,0,0,0,-34.38,-34.38,1.15
396,6.6000,perch,perchIdle,320.136,-15.385,37.437,0.000,0.000,0.000,0.000,0.000,36.487,0.00,0.00,0.00,0.00,0.000,0,,1,305.97,15.30,40.89,321.670,-18.227,40.338,121.92,-34.60,58.91,4.341,0.000,0.00,0.00,0,0,0,0,0,0,-34.38,-34.38,1.13
397,6.6167,perch,perchIdle,320.136,-15.385,37.437,0.000,0.000,0.000,0.000,0.000,36.487,0.00,0.00,0.00,0.00,0.000,0,,1,305.97,15.30,40.89,321.679,-18.243,40.351,121.94,-34.59,58.86,4.364,0.000,0.00,0.00,0,0,0,0,0,0,-34.38,-34.38,1.12
398,6.6333,perch,perchIdle,320.136,-15.385,37.437,0.000,0.000,0.000,0.000,0.000,36.487,0.00,0.00,0.00,0.00,0.000,0,,1,305.97,15.30,40.89,321.688,-18.259,40.363,121.96,-34.58,58.82,4.385,0.000,0.00,0.00,0,0,0,0,0,0,-34.38,-34.38,1.10
399,6.6500,perch,perchIdle,320.136,-15.385,37.437,0.000,0.000,0.000,0.000,0.000,36.487,0.00,0.00,0.00,0.00,0.000,0,,1,305.97,15.30,40.89,321.696,-18.273,40.374,121.98,-34.57,58.77,4.405,0.000,0.00,0.00,0,0,0,0,0,0,-34.38,-34.38,1.08
400,6.6667,perch,perchIdle,320.136,-15.385,37.437,0.000,0.000,0.000,0.000,0.000,36.487,0.00,0.00,0.00,0.00,0.000,0,,1,305.97,15.30,40.89,321.704,-18.287,40.385,121.99,-34.56,58.73,4.424,0.000,0.00,0.00,0,0,0,0,0,0,-34.38,-34.38,1.07
401,6.6833,perch,perchIdle,320.136,-15.385,37.437,0.000,0.000,0.000,0.000,0.000,36.487,0.00,0.00,0.00,0.00,0.000,0,,1,305.97,15.30,40.89,321.712,-18.300,40.396,122.01,-34.54,58.69,4.442,0.000,0.00,0.00,0,0,0,0,0,0,-34.38,-34.38,1.05
402,6.7000,perch,perchIdle,320.136,-15.385,37.437,0.000,0.000,0.000,0.000,0.000,36.487,0.00,0.00,0.00,0.00,0.000,0,,1,305.97,15.30,40.89,321.718,-18.312,40.405,122.02,-34.53,58.66,4.459,0.000,0.00,0.00,0,0,0,0,0,0,-34.38,-34.38,1.03
403,6.7167,perch,perchIdle,320.136,-15.385,37.437,0.000,0.000,0.000,0.000,0.000,36.487,0.00,0.00,0.00,0.00,0.000,0,,1,305.97,15.30,40.89,321.725,-18.323,40.414,122.04,-34.53,58.62,4.475,0.000,0.00,0.00,0,0,0,0,0,0,-34.38,-34.38,1.02
404,6.7333,perch,perchIdle,320.136,-15.385,37.437,0.000,0.000,0.000,0.000,0.000,36.487,0.00,0.00,0.00,0.00,0.000,0,,1,305.97,15.30,40.89,321.731,-18.334,40.423,122.05,-34.52,58.59,4.490,0.000,0.00,0.00,0,0,0,0,0,0,-34.38,-34.38,1.00
405,6.7500,perch,perchIdle,320.136,-15.385,37.437,0.000,0.000,0.000,0.000,0.000,36.487,0.00,0.00,0.00,0.00,0.000,0,,1,305.97,15.30,40.89,321.737,-18.345,40.431,122.06,-34.51,58.56,4.504,0.000,0.00,0.00,0,0,0,0,0,0,-34.38,-34.38,0.98
406,6.7667,perch,perchIdle,320.136,-15.385,37.437,0.000,0.000,0.000,0.000,0.000,36.487,0.00,0.00,0.00,0.00,0.000,0,,1,305.97,15.30,40.89,321.743,-18.354,40.439,122.07,-34.50,58.53,4.518,0.000,0.00,0.00,0,0,0,0,0,0,-34.38,-34.38,0.97
407,6.7833,perch,perchIdle,320.136,-15.385,37.437,0.000,0.000,0.000,0.000,0.000,36.487,0.00,0.00,0.00,0.00,0.000,0,,1,305.97,15.30,40.89,321.748,-18.364,40.446,122.08,-34.49,58.50,4.530,0.000,0.00,0.00,0,0,0,0,0,0,-34.38,-34.38,0.95
408,6.8000,perch,perchIdle,320.136,-15.385,37.437,0.000,0.000,0.000,0.000,0.000,36.487,0.00,0.00,0.00,0.00,0.000,0,,1,305.97,15.30,40.89,321.753,-18.372,40.453,122.09,-34.49,58.47,4.542,0.000,0.00,0.00,0,0,0,0,0,0,-34.38,-34.38,0.93
409,6.8167,perch,perchIdle,320.136,-15.385,37.437,0.000,0.000,0.000,0.000,0.000,36.487,0.00,0.00,0.00,0.00,0.000,0,,1,305.97,15.30,40.89,321.757,-18.380,40.459,122.10,-34.48,58.45,4.554,0.000,0.00,0.00,0,0,0,0,0,0,-34.38,-34.38,0.92
410,6.8333,perch,perchIdle,320.136,-15.385,37.437,0.000,0.000,0.000,0.000,0.000,36.487,0.00,0.00,0.00,0.00,0.000,0,,1,305.97,15.30,40.89,321.762,-18.388,40.465,122.11,-34.47,58.42,4.564,0.000,0.00,0.00,0,0,0,0,0,0,-34.38,-34.38,0.90
411,6.8500,perch,perchIdle,320.136,-15.385,37.437,0.000,0.000,0.000,0.000,0.000,36.487,0.00,0.00,0.00,0.00,0.000,0,,1,305.97,15.30,40.89,321.766,-18.395,40.471,122.12,-34.47,58.40,4.574,0.000,0.00,0.00,0,0,0,0,0,0,-34.38,-34.38,0.88
412,6.8667,perch,perchIdle,320.136,-15.385,37.437,0.000,0.000,0.000,0.000,0.000,36.487,0.00,0.00,0.00,0.00,0.000,0,,1,305.97,15.30,40.89,321.770,-18.402,40.477,122.12,-34.46,58.38,4.584,0.000,0.00,0.00,0,0,0,0,0,0,-34.38,-34.38,0.87
413,6.8833,perch,perchIdle,320.136,-15.385,37.437,0.000,0.000,0.000,0.000,0.000,36.487,0.00,0.00,0.00,0.00,0.000,0,,1,305.97,15.30,40.89,321.773,-18.409,40.482,122.13,-34.46,58.36,4.593,0.000,0.00,0.00,0,0,0,0,0,0,-34.38,-34.38,0.85
414,6.9000,perch,perchIdle,320.136,-15.385,37.437,0.000,0.000,0.000,0.000,0.000,36.487,0.00,0.00,0.00,0.00,0.000,0,,1,305.97,15.30,40.89,321.777,-18.415,40.486,122.14,-34.45,58.34,4.601,0.000,0.00,0.00,0,0,0,0,0,0,-34.38,-34.38,0.83
415,6.9167,perch,perchIdle,320.136,-15.385,37.437,0.000,0.000,0.000,0.000,0.000,36.487,0.00,0.00,0.00,0.00,0.000,0,,1,305.97,15.30,40.89,321.780,-18.420,40.491,122.14,-34.45,58.32,4.609,0.000,0.00,0.00,0,0,0,0,0,0,-34.38,-34.38,0.82
416,6.9333,perch,perchIdle,320.136,-15.385,37.437,0.000,0.000,0.000,0.000,0.000,36.487,0.00,0.00,0.00,0.00,0.000,0,,1,305.97,15.30,40.89,321.783,-18.426,40.495,122.15,-34.45,58.30,4.617,0.000,0.00,0.00,0,0,0,0,0,0,-34.38,-34.38,0.80
417,6.9500,perch,perchIdle,320.136,-15.385,37.437,0.000,0.000,0.000,0.000,0.000,36.487,0.00,0.00,0.00,0.00,0.000,0,,1,305.97,15.30,40.89,321.786,-18.431,40.499,122.15,-34.44,58.28,4.624,0.000,0.00,0.00,0,0,0,0,0,0,-34.38,-34.38,0.78
418,6.9667,perch,perchIdle,320.136,-15.385,37.437,0.000,0.000,0.000,0.000,0.000,36.487,0.00,0.00,0.00,0.00,0.000,0,,1,305.97,15.30,40.89,321.789,-18.436,40.503,122.16,-34.44,58.27,4.630,0.000,0.00,0.00,0,0,0,0,0,0,-34.38,-34.38,0.77
